{
  "type": "FeatureCollection",
  "generator": "overpass-turbo",
  "copyright": "The data included in this document is from www.openstreetmap.org. The data is made available under ODbL.",
  "timestamp": "2025-01-31T14:02:01Z",
  "features": [
    {
      "type": "Feature",
      "properties": {
        "@id": "way/26178315",
        "alt_name": "Obere Issel",
        "name": "Issel",
        "name:de": "Issel",
        "name:nl": "Oude IJssel",
        "source": "yahoo & extrapolation",
        "waterway": "river"
      },
      "geometry": {
        "type": "LineString",
        "coordinates": [
          [
            6.7005476,
            51.7102966
          ],
          [
            6.7004852,
            51.7101618
          ],
          [
            6.7004992,
            51.7100978
          ],
          [
            6.7006037,
            51.7097264
          ],
          [
            6.7005769,
            51.7095989
          ],
          [
            6.7004296,
            51.7093
          ],
          [
            6.7003002,
            51.7090748
          ],
          [
            6.7002665,
            51.7088151
          ],
          [
            6.7002255,
            51.7082953
          ],
          [
            6.7001682,
            51.7079315
          ],
          [
            6.7001072,
            51.7077969
          ],
          [
            6.6999655,
            51.7077026
          ],
          [
            6.6997385,
            51.7075982
          ],
          [
            6.699503,
            51.7075264
          ],
          [
            6.6980181,
            51.7072828
          ],
          [
            6.6975976,
            51.7071518
          ],
          [
            6.6973928,
            51.7070523
          ],
          [
            6.6971969,
            51.7069254
          ],
          [
            6.6969649,
            51.7067315
          ],
          [
            6.6968489,
            51.7065681
          ],
          [
            6.6966024,
            51.7060923
          ],
          [
            6.6964102,
            51.7057766
          ],
          [
            6.6962676,
            51.7055788
          ],
          [
            6.6960159,
            51.7053246
          ],
          [
            6.6953518,
            51.7049514
          ],
          [
            6.6949204,
            51.7047364
          ],
          [
            6.6946749,
            51.7045803
          ],
          [
            6.6933488,
            51.7036838
          ],
          [
            6.692214,
            51.7029546
          ],
          [
            6.6913082,
            51.7023626
          ],
          [
            6.6910083,
            51.7022147
          ],
          [
            6.6907033,
            51.7021049
          ],
          [
            6.69035,
            51.7020028
          ],
          [
            6.6899021,
            51.7019292
          ],
          [
            6.6894125,
            51.7018787
          ],
          [
            6.6881946,
            51.7017482
          ],
          [
            6.6865164,
            51.7015673
          ],
          [
            6.6854578,
            51.7014455
          ],
          [
            6.6846659,
            51.7012668
          ],
          [
            6.6842754,
            51.7011156
          ],
          [
            6.6838889,
            51.700923
          ],
          [
            6.6834468,
            51.7006609
          ],
          [
            6.6830432,
            51.7002976
          ],
          [
            6.6821772,
            51.699279
          ],
          [
            6.6819862,
            51.6990185
          ],
          [
            6.6816652,
            51.6984985
          ],
          [
            6.6814121,
            51.6980842
          ],
          [
            6.6811376,
            51.6975036
          ],
          [
            6.6809615,
            51.6970818
          ],
          [
            6.6808488,
            51.6967231
          ],
          [
            6.680751,
            51.6963187
          ],
          [
            6.6803783,
            51.6954022
          ],
          [
            6.6800362,
            51.6948282
          ],
          [
            6.6797556,
            51.6944415
          ],
          [
            6.6787651,
            51.6930557
          ],
          [
            6.6777014,
            51.6915912
          ],
          [
            6.6773755,
            51.6913192
          ],
          [
            6.6766499,
            51.6908707
          ],
          [
            6.6763697,
            51.6906255
          ],
          [
            6.6760252,
            51.6902212
          ],
          [
            6.6757017,
            51.6897804
          ],
          [
            6.6751927,
            51.6891838
          ],
          [
            6.6746633,
            51.6885742
          ],
          [
            6.6742481,
            51.688171
          ],
          [
            6.6736567,
            51.6877687
          ],
          [
            6.6733487,
            51.687519
          ],
          [
            6.6726775,
            51.6869993
          ],
          [
            6.6719742,
            51.6865147
          ],
          [
            6.6702352,
            51.6853399
          ],
          [
            6.6693516,
            51.6847943
          ],
          [
            6.6691093,
            51.6846325
          ],
          [
            6.6685402,
            51.6842722
          ],
          [
            6.6684579,
            51.6842626
          ]
        ]
      },
      "id": "way/26178315"
    },
    {
      "type": "Feature",
      "properties": {
        "@id": "way/26269902",
        "alt_name": "Obere Issel",
        "name": "Issel",
        "name:de": "Issel",
        "name:nl": "Oude IJssel",
        "source": "bing & extrapolation",
        "waterway": "river"
      },
      "geometry": {
        "type": "LineString",
        "coordinates": [
          [
            6.735701,
            51.7306357
          ],
          [
            6.7335835,
            51.7298336
          ],
          [
            6.7331168,
            51.7296968
          ],
          [
            6.7327313,
            51.7296521
          ],
          [
            6.7323472,
            51.7296447
          ],
          [
            6.7319427,
            51.7296783
          ],
          [
            6.7317,
            51.7297332
          ],
          [
            6.7312374,
            51.7298346
          ],
          [
            6.7309826,
            51.7298506
          ],
          [
            6.7307388,
            51.7297749
          ],
          [
            6.730627,
            51.7296843
          ],
          [
            6.7302013,
            51.7293394
          ],
          [
            6.729941,
            51.7290789
          ],
          [
            6.7298234,
            51.7289196
          ],
          [
            6.7297633,
            51.7287731
          ],
          [
            6.7296658,
            51.7285156
          ],
          [
            6.7296232,
            51.7281745
          ],
          [
            6.729574,
            51.7279589
          ],
          [
            6.7294532,
            51.7277322
          ],
          [
            6.7293234,
            51.7275712
          ],
          [
            6.7289456,
            51.7273257
          ],
          [
            6.7285874,
            51.7271689
          ],
          [
            6.7283717,
            51.727096
          ],
          [
            6.7279853,
            51.7269488
          ],
          [
            6.7271397,
            51.7265504
          ],
          [
            6.7263843,
            51.7262055
          ],
          [
            6.7254983,
            51.7258983
          ]
        ]
      },
      "id": "way/26269902"
    },
    {
      "type": "Feature",
      "properties": {
        "@id": "way/27102082",
        "alt_name": "Westfälische Issel",
        "name": "Issel",
        "name:nl": "Oude IJssel",
        "source": "extrapolation",
        "waterway": "stream",
        "wikidata": "Q181067",
        "wikipedia": "de:Issel (Fluss)"
      },
      "geometry": {
        "type": "LineString",
        "coordinates": [
          [
            6.8305756,
            51.794397
          ],
          [
            6.8303988,
            51.7947464
          ]
        ]
      },
      "id": "way/27102082"
    },
    {
      "type": "Feature",
      "properties": {
        "@id": "way/27838656",
        "alt_name": "Westfälische Issel",
        "name": "Issel",
        "name:nl": "Oude IJssel",
        "source": "survey, bing & extrapolation",
        "waterway": "river"
      },
      "geometry": {
        "type": "LineString",
        "coordinates": [
          [
            6.7736275,
            51.7699848
          ],
          [
            6.7729587,
            51.7692888
          ],
          [
            6.7728807,
            51.7692067
          ],
          [
            6.7726225,
            51.7690138
          ],
          [
            6.7723147,
            51.7688133
          ],
          [
            6.7717062,
            51.7684927
          ],
          [
            6.771223,
            51.7681391
          ],
          [
            6.7705802,
            51.7675427
          ],
          [
            6.7696177,
            51.7662234
          ],
          [
            6.7693578,
            51.7659085
          ]
        ]
      },
      "id": "way/27838656"
    },
    {
      "type": "Feature",
      "properties": {
        "@id": "way/27851963",
        "alt_name": "Westfälische Issel",
        "name": "Issel",
        "name:nl": "Oude IJssel",
        "source": "survey",
        "waterway": "river"
      },
      "geometry": {
        "type": "LineString",
        "coordinates": [
          [
            6.7867843,
            51.7824354
          ],
          [
            6.7865056,
            51.7822697
          ],
          [
            6.7864466,
            51.7822346
          ],
          [
            6.7858364,
            51.7818719
          ],
          [
            6.7854157,
            51.7815893
          ],
          [
            6.785017,
            51.7813009
          ],
          [
            6.7839141,
            51.7803385
          ],
          [
            6.7831506,
            51.7795878
          ]
        ]
      },
      "id": "way/27851963"
    },
    {
      "type": "Feature",
      "properties": {
        "@id": "way/27854496",
        "alt_name": "Westfälische Issel",
        "name": "Issel",
        "name:nl": "Oude IJssel",
        "source": "survey",
        "waterway": "river"
      },
      "geometry": {
        "type": "LineString",
        "coordinates": [
          [
            6.7778829,
            51.7738831
          ],
          [
            6.776062,
            51.7724259
          ],
          [
            6.7755278,
            51.7720016
          ],
          [
            6.7750061,
            51.7714715
          ],
          [
            6.7741795,
            51.7705742
          ],
          [
            6.7736275,
            51.7699848
          ]
        ]
      },
      "id": "way/27854496"
    },
    {
      "type": "Feature",
      "properties": {
        "@id": "way/28045909",
        "alt_name": "Westfälische Issel",
        "name": "Issel",
        "name:nl": "Oude IJssel",
        "source": "boundary, knowledge, landsat, survey & extrapolation",
        "waterway": "river"
      },
      "geometry": {
        "type": "LineString",
        "coordinates": [
          [
            6.7695318,
            51.7616986
          ],
          [
            6.769532,
            51.7616257
          ],
          [
            6.7692659,
            51.7601782
          ],
          [
            6.7692508,
            51.7596515
          ],
          [
            6.769284,
            51.7591811
          ],
          [
            6.7693325,
            51.7588934
          ],
          [
            6.7694423,
            51.7584473
          ],
          [
            6.7696477,
            51.7579162
          ],
          [
            6.7698896,
            51.7574166
          ]
        ]
      },
      "id": "way/28045909"
    },
    {
      "type": "Feature",
      "properties": {
        "@id": "way/28045911",
        "alt_name": "Westfälische Issel",
        "name": "Issel",
        "name:nl": "Oude IJssel",
        "source": "boundary, knowledge, landsat, survey & extrapolation",
        "waterway": "river"
      },
      "geometry": {
        "type": "LineString",
        "coordinates": [
          [
            6.7693578,
            51.7659085
          ],
          [
            6.7691345,
            51.7655567
          ],
          [
            6.7690423,
            51.7653845
          ],
          [
            6.7689742,
            51.765218
          ],
          [
            6.7689159,
            51.7650425
          ],
          [
            6.7688689,
            51.764839
          ],
          [
            6.7688532,
            51.7644725
          ],
          [
            6.7688723,
            51.7642951
          ],
          [
            6.7689289,
            51.7641022
          ],
          [
            6.7690292,
            51.7637987
          ],
          [
            6.7693627,
            51.7630944
          ],
          [
            6.7695303,
            51.7622705
          ],
          [
            6.7695317,
            51.76174
          ],
          [
            6.7695318,
            51.7616986
          ]
        ]
      },
      "id": "way/28045911"
    },
    {
      "type": "Feature",
      "properties": {
        "@id": "way/28045915",
        "alt_name": "Westfälische Issel",
        "name": "Issel",
        "name:nl": "Oude IJssel",
        "source": "survey",
        "waterway": "river"
      },
      "geometry": {
        "type": "LineString",
        "coordinates": [
          [
            6.7831506,
            51.7795878
          ],
          [
            6.7830623,
            51.7794969
          ],
          [
            6.7822758,
            51.7786081
          ],
          [
            6.7815427,
            51.7777681
          ],
          [
            6.7807981,
            51.7768014
          ],
          [
            6.7807636,
            51.7767589
          ],
          [
            6.7800799,
            51.7759175
          ],
          [
            6.7793406,
            51.7751121
          ],
          [
            6.7789435,
            51.77473
          ],
          [
            6.778556,
            51.7743907
          ],
          [
            6.7778829,
            51.7738831
          ]
        ]
      },
      "id": "way/28045915"
    },
    {
      "type": "Feature",
      "properties": {
        "@id": "way/28045918",
        "alt_name": "Westfälische Issel",
        "name": "Issel",
        "name:nl": "Oude IJssel",
        "source": "survey, bing & extrapolation",
        "waterway": "river"
      },
      "geometry": {
        "type": "LineString",
        "coordinates": [
          [
            6.7878114,
            51.787926
          ],
          [
            6.7875287,
            51.7873643
          ],
          [
            6.7874808,
            51.7870593
          ],
          [
            6.7875906,
            51.7867362
          ],
          [
            6.7882209,
            51.7860633
          ],
          [
            6.7883346,
            51.785942
          ],
          [
            6.7885545,
            51.7856463
          ],
          [
            6.7886951,
            51.7853766
          ],
          [
            6.7887581,
            51.7851834
          ],
          [
            6.7887459,
            51.7846901
          ],
          [
            6.7885282,
            51.7841342
          ],
          [
            6.7881259,
            51.7835992
          ],
          [
            6.7875232,
            51.7829748
          ],
          [
            6.7867843,
            51.7824354
          ]
        ]
      },
      "id": "way/28045918"
    },
    {
      "type": "Feature",
      "properties": {
        "@id": "way/28045920",
        "alt_name": "Westfälische Issel",
        "name": "Issel",
        "name:nl": "Oude IJssel",
        "source": "survey, bing & extrapolation",
        "waterway": "river"
      },
      "geometry": {
        "type": "LineString",
        "coordinates": [
          [
            6.7881684,
            51.7977042
          ],
          [
            6.7869413,
            51.7971921
          ],
          [
            6.7855436,
            51.7964236
          ],
          [
            6.7850528,
            51.7961461
          ],
          [
            6.7846234,
            51.7958514
          ],
          [
            6.7840051,
            51.795393
          ],
          [
            6.7839176,
            51.7952699
          ],
          [
            6.7839024,
            51.7952031
          ],
          [
            6.7839018,
            51.7951231
          ],
          [
            6.7840123,
            51.7937179
          ],
          [
            6.7839723,
            51.7924125
          ],
          [
            6.78403,
            51.7921214
          ],
          [
            6.7841464,
            51.7918742
          ],
          [
            6.7843382,
            51.7916054
          ],
          [
            6.7854005,
            51.7903432
          ],
          [
            6.785783,
            51.7899249
          ],
          [
            6.7859092,
            51.7898014
          ],
          [
            6.7865272,
            51.7892455
          ],
          [
            6.7874474,
            51.7884917
          ],
          [
            6.7875875,
            51.7883534
          ],
          [
            6.7877029,
            51.7882063
          ],
          [
            6.7878053,
            51.7879937
          ],
          [
            6.7878114,
            51.787926
          ]
        ]
      },
      "id": "way/28045920"
    },
    {
      "type": "Feature",
      "properties": {
        "@id": "way/28045922",
        "alt_name": "Westfälische Issel",
        "name": "Issel",
        "name:nl": "Oude IJssel",
        "source": "survey, bing & extrapolation",
        "waterway": "river"
      },
      "geometry": {
        "type": "LineString",
        "coordinates": [
          [
            6.7961906,
            51.8014098
          ],
          [
            6.795697,
            51.8011074
          ],
          [
            6.7931549,
            51.7996846
          ],
          [
            6.7906794,
            51.798793
          ],
          [
            6.7881684,
            51.7977042
          ]
        ]
      },
      "id": "way/28045922"
    },
    {
      "type": "Feature",
      "properties": {
        "@id": "way/28539753",
        "alt_name": "Westfälische Issel",
        "name": "Issel",
        "name:nl": "Oude IJssel",
        "source": "boundary, knowledge, survey",
        "waterway": "river"
      },
      "geometry": {
        "type": "LineString",
        "coordinates": [
          [
            6.7698896,
            51.7574166
          ],
          [
            6.7702312,
            51.7567124
          ],
          [
            6.7704668,
            51.7560047
          ],
          [
            6.7707532,
            51.7555049
          ],
          [
            6.7710908,
            51.7550619
          ]
        ]
      },
      "id": "way/28539753"
    },
    {
      "type": "Feature",
      "properties": {
        "@id": "way/28539756",
        "alt_name": "Obere Issel",
        "name": "Issel",
        "name:nl": "Oude IJssel",
        "source": "boundary, knowledge, survey",
        "waterway": "river"
      },
      "geometry": {
        "type": "LineString",
        "coordinates": [
          [
            6.7724951,
            51.7457632
          ],
          [
            6.7725129,
            51.7456901
          ],
          [
            6.7726247,
            51.7454377
          ],
          [
            6.7726386,
            51.7453312
          ],
          [
            6.7726391,
            51.745179
          ],
          [
            6.7725107,
            51.7449234
          ],
          [
            6.7723851,
            51.7446823
          ],
          [
            6.7721703,
            51.7443459
          ],
          [
            6.7721164,
            51.7442165
          ],
          [
            6.7720553,
            51.7439649
          ],
          [
            6.772044,
            51.7438196
          ],
          [
            6.7720729,
            51.7436671
          ],
          [
            6.7721775,
            51.743486
          ],
          [
            6.7725432,
            51.743139
          ],
          [
            6.7726019,
            51.7430718
          ],
          [
            6.7726941,
            51.7429449
          ],
          [
            6.7728523,
            51.7425672
          ],
          [
            6.7728306,
            51.7423523
          ],
          [
            6.7727072,
            51.7420215
          ],
          [
            6.7725791,
            51.7418515
          ],
          [
            6.772441,
            51.7416904
          ],
          [
            6.7722556,
            51.741583
          ],
          [
            6.7720105,
            51.7415006
          ],
          [
            6.7705889,
            51.7411402
          ],
          [
            6.7704402,
            51.7410904
          ],
          [
            6.7681575,
            51.7401058
          ],
          [
            6.7679528,
            51.7399487
          ],
          [
            6.7678389,
            51.7398285
          ],
          [
            6.7676838,
            51.7396066
          ],
          [
            6.7676382,
            51.7395362
          ]
        ]
      },
      "id": "way/28539756"
    },
    {
      "type": "Feature",
      "properties": {
        "@id": "way/30829164",
        "alt_name": "Westfälische Issel",
        "name": "Issel",
        "name:nl": "Oude IJssel",
        "source": "boundary, knowledge, landsat & extrapolation",
        "waterway": "river"
      },
      "geometry": {
        "type": "LineString",
        "coordinates": [
          [
            6.7710908,
            51.7550619
          ],
          [
            6.7716218,
            51.7543622
          ],
          [
            6.771867,
            51.753769
          ],
          [
            6.771934,
            51.753543
          ],
          [
            6.7720546,
            51.7530337
          ],
          [
            6.7720448,
            51.7526953
          ],
          [
            6.7720347,
            51.7523475
          ],
          [
            6.7718656,
            51.7516726
          ],
          [
            6.771747,
            51.7513488
          ],
          [
            6.7716462,
            51.7508865
          ],
          [
            6.7716059,
            51.7505364
          ],
          [
            6.7715894,
            51.7503637
          ],
          [
            6.7716542,
            51.7500176
          ],
          [
            6.771759,
            51.7497439
          ],
          [
            6.7717908,
            51.7496665
          ],
          [
            6.7726226,
            51.7478583
          ],
          [
            6.7726943,
            51.7475267
          ],
          [
            6.7726824,
            51.7472058
          ],
          [
            6.7725046,
            51.7464996
          ],
          [
            6.7724627,
            51.7462314
          ]
        ]
      },
      "id": "way/30829164"
    },
    {
      "type": "Feature",
      "properties": {
        "@id": "way/32965156",
        "alt_name": "Obere Issel",
        "name": "Issel",
        "name:nl": "Oude IJssel",
        "source": "survey, bing & extrapolation",
        "waterway": "river"
      },
      "geometry": {
        "type": "LineString",
        "coordinates": [
          [
            6.7676382,
            51.7395362
          ],
          [
            6.7675218,
            51.7395017
          ],
          [
            6.7673086,
            51.7394801
          ],
          [
            6.7671771,
            51.7395018
          ],
          [
            6.7666906,
            51.7396548
          ],
          [
            6.7664503,
            51.7397007
          ],
          [
            6.7662633,
            51.7396989
          ],
          [
            6.766008,
            51.7396648
          ],
          [
            6.765812,
            51.7396065
          ],
          [
            6.7656487,
            51.7395248
          ],
          [
            6.7655283,
            51.7394232
          ],
          [
            6.7653666,
            51.7391901
          ],
          [
            6.7650499,
            51.7384314
          ],
          [
            6.7649624,
            51.7379329
          ],
          [
            6.7649031,
            51.7378049
          ],
          [
            6.764647,
            51.7375117
          ],
          [
            6.7643782,
            51.7373419
          ],
          [
            6.7641135,
            51.7372296
          ],
          [
            6.7626203,
            51.7367153
          ],
          [
            6.7623628,
            51.7365982
          ],
          [
            6.7620003,
            51.7364165
          ],
          [
            6.7618864,
            51.7363438
          ],
          [
            6.7615642,
            51.7360906
          ],
          [
            6.7612897,
            51.7357945
          ],
          [
            6.7610488,
            51.7355756
          ],
          [
            6.7607127,
            51.7354374
          ],
          [
            6.7596254,
            51.7351433
          ],
          [
            6.7578378,
            51.7346065
          ],
          [
            6.7558926,
            51.7341267
          ],
          [
            6.7537847,
            51.7337394
          ],
          [
            6.7533955,
            51.7336922
          ],
          [
            6.751889,
            51.7336335
          ],
          [
            6.7517365,
            51.7336126
          ],
          [
            6.7515483,
            51.7335867
          ],
          [
            6.750161,
            51.7332381
          ]
        ]
      },
      "id": "way/32965156"
    },
    {
      "type": "Feature",
      "properties": {
        "@id": "way/33104456",
        "alt_name": "Westfälische Issel",
        "name": "Issel",
        "name:nl": "Oude IJssel",
        "source": "boundary, knowledge, survey",
        "waterway": "river"
      },
      "geometry": {
        "type": "LineString",
        "coordinates": [
          [
            6.7724627,
            51.7462314
          ],
          [
            6.7724762,
            51.7458525
          ],
          [
            6.7724951,
            51.7457632
          ]
        ]
      },
      "id": "way/33104456"
    },
    {
      "type": "Feature",
      "properties": {
        "@id": "way/34157302",
        "alt_name": "Westfälische Issel",
        "name": "Issel",
        "name:nl": "Oude IJssel",
        "source": "survey, bing & extrapolation",
        "waterway": "river",
        "wikidata": "Q181067"
      },
      "geometry": {
        "type": "LineString",
        "coordinates": [
          [
            6.8148023,
            51.800461
          ],
          [
            6.8135536,
            51.8008868
          ],
          [
            6.8131321,
            51.8009841
          ],
          [
            6.8126822,
            51.8010206
          ],
          [
            6.8111973,
            51.8010948
          ],
          [
            6.810971,
            51.8011115
          ],
          [
            6.8091041,
            51.8014127
          ],
          [
            6.8090425,
            51.8014216
          ],
          [
            6.8089211,
            51.8014156
          ],
          [
            6.8088392,
            51.8014511
          ],
          [
            6.8075359,
            51.8016398
          ],
          [
            6.8041943,
            51.80207
          ],
          [
            6.803294,
            51.8021089
          ],
          [
            6.803073,
            51.8021367
          ],
          [
            6.8028679,
            51.8021764
          ],
          [
            6.8006343,
            51.8027016
          ],
          [
            6.8000661,
            51.8028219
          ],
          [
            6.7998594,
            51.8028477
          ],
          [
            6.7996405,
            51.8028545
          ],
          [
            6.7994441,
            51.8028443
          ],
          [
            6.7992078,
            51.8028093
          ],
          [
            6.7990034,
            51.8027568
          ],
          [
            6.79882,
            51.8026846
          ],
          [
            6.7983412,
            51.8024597
          ],
          [
            6.7964311,
            51.8015671
          ],
          [
            6.7961906,
            51.8014098
          ]
        ]
      },
      "id": "way/34157302"
    },
    {
      "type": "Feature",
      "properties": {
        "@id": "way/35892936",
        "alt_name": "Westfälische Issel",
        "name": "Issel",
        "name:nl": "Oude IJssel",
        "source": "survey, bing & extrapolation",
        "waterway": "river",
        "wikidata": "Q181067",
        "wikipedia": "de:Issel (Fluss)"
      },
      "geometry": {
        "type": "LineString",
        "coordinates": [
          [
            6.8250858,
            51.7997566
          ],
          [
            6.8239066,
            51.7997024
          ],
          [
            6.8235555,
            51.7997649
          ],
          [
            6.8214952,
            51.7999599
          ],
          [
            6.8170825,
            51.7997785
          ],
          [
            6.8168113,
            51.7997839
          ],
          [
            6.816632,
            51.7998237
          ],
          [
            6.816035,
            51.8000313
          ],
          [
            6.8148023,
            51.800461
          ]
        ]
      },
      "id": "way/35892936"
    },
    {
      "type": "Feature",
      "properties": {
        "@id": "way/35971891",
        "alt_name": "Obere Issel",
        "name": "Issel",
        "name:nl": "Oude IJssel",
        "source": "survey & extrapolation",
        "waterway": "river",
        "wikidata": "Q181067",
        "wikipedia": "de:Issel (Fluss)"
      },
      "geometry": {
        "type": "LineString",
        "coordinates": [
          [
            6.750161,
            51.7332381
          ],
          [
            6.7500368,
            51.733211
          ],
          [
            6.7497764,
            51.7331657
          ],
          [
            6.7494156,
            51.7331823
          ],
          [
            6.7489709,
            51.7332123
          ],
          [
            6.7484714,
            51.7332485
          ],
          [
            6.7481978,
            51.7332447
          ],
          [
            6.7475835,
            51.7332191
          ],
          [
            6.7471415,
            51.7332018
          ],
          [
            6.7468041,
            51.7332254
          ],
          [
            6.7467472,
            51.7332346
          ],
          [
            6.7464531,
            51.7333077
          ],
          [
            6.7457583,
            51.7334523
          ],
          [
            6.7454679,
            51.7335269
          ],
          [
            6.7451524,
            51.7336002
          ],
          [
            6.7446571,
            51.7337193
          ],
          [
            6.7443703,
            51.7337563
          ],
          [
            6.7441178,
            51.7337562
          ],
          [
            6.7436654,
            51.733698
          ],
          [
            6.7427683,
            51.7335752
          ],
          [
            6.7426398,
            51.7335468
          ],
          [
            6.7424708,
            51.7335009
          ],
          [
            6.7422838,
            51.7334352
          ],
          [
            6.7420008,
            51.7333251
          ],
          [
            6.7412529,
            51.7332239
          ],
          [
            6.7408092,
            51.7330887
          ],
          [
            6.740537,
            51.7329902
          ],
          [
            6.7403925,
            51.7329002
          ],
          [
            6.740313,
            51.7327874
          ],
          [
            6.7399477,
            51.7322486
          ],
          [
            6.7397897,
            51.7320578
          ],
          [
            6.7395758,
            51.7318713
          ],
          [
            6.7393255,
            51.7316737
          ],
          [
            6.7390178,
            51.7314229
          ],
          [
            6.7388466,
            51.7312813
          ],
          [
            6.7385302,
            51.7311844
          ],
          [
            6.7382376,
            51.731133
          ],
          [
            6.7367524,
            51.730865
          ],
          [
            6.7359978,
            51.7307417
          ],
          [
            6.7358251,
            51.7306814
          ],
          [
            6.735701,
            51.7306357
          ]
        ]
      },
      "id": "way/35971891"
    },
    {
      "type": "Feature",
      "properties": {
        "@id": "way/36510127",
        "alt_name": "Mittlere Issel",
        "name": "Issel",
        "name:de": "Issel",
        "name:nl": "Oude IJssel",
        "source": "survey, bing, yahoo & extrapolation",
        "waterway": "river"
      },
      "geometry": {
        "type": "LineString",
        "coordinates": [
          [
            6.6684579,
            51.6842626
          ],
          [
            6.6683483,
            51.6842951
          ],
          [
            6.6676742,
            51.6845001
          ],
          [
            6.6674195,
            51.6845632
          ],
          [
            6.6640625,
            51.6855165
          ],
          [
            6.6613058,
            51.6862666
          ],
          [
            6.6603095,
            51.6865417
          ],
          [
            6.6580944,
            51.6871371
          ],
          [
            6.6557718,
            51.6878158
          ]
        ]
      },
      "id": "way/36510127"
    },
    {
      "type": "Feature",
      "properties": {
        "@id": "way/36510130",
        "alt_name": "Mittlere Issel",
        "name:de": "Issel",
        "name:nl": "Oude IJssel",
        "source": "bing & extrapolation",
        "waterway": "river"
      },
      "geometry": {
        "type": "LineString",
        "coordinates": [
          [
            6.6557718,
            51.6878158
          ],
          [
            6.6494014,
            51.6896941
          ],
          [
            6.6488809,
            51.6898944
          ],
          [
            6.6484383,
            51.690032
          ],
          [
            6.6477267,
            51.6901981
          ],
          [
            6.6464916,
            51.6905332
          ]
        ]
      },
      "id": "way/36510130"
    },
    {
      "type": "Feature",
      "properties": {
        "@id": "way/36510131",
        "alt_name": "Obere Issel",
        "name": "Issel",
        "name:de": "Issel",
        "name:nl": "Oude IJssel",
        "waterway": "river"
      },
      "geometry": {
        "type": "LineString",
        "coordinates": [
          [
            6.7109509,
            51.7205826
          ],
          [
            6.7106867,
            51.7203853
          ],
          [
            6.7103859,
            51.7202184
          ],
          [
            6.7096204,
            51.7198438
          ],
          [
            6.7092509,
            51.7196862
          ],
          [
            6.7088766,
            51.7195351
          ],
          [
            6.7084785,
            51.7194146
          ],
          [
            6.7081481,
            51.7193773
          ],
          [
            6.7078217,
            51.719388
          ],
          [
            6.7064291,
            51.7195548
          ],
          [
            6.7057438,
            51.7196032
          ],
          [
            6.7053351,
            51.7196083
          ],
          [
            6.7050793,
            51.7195415
          ],
          [
            6.7048575,
            51.7194187
          ],
          [
            6.7045726,
            51.719061
          ],
          [
            6.7043364,
            51.7187195
          ],
          [
            6.7041081,
            51.7184045
          ],
          [
            6.7040038,
            51.7178981
          ],
          [
            6.7040035,
            51.7161484
          ],
          [
            6.7039481,
            51.7157941
          ],
          [
            6.7037229,
            51.714998
          ],
          [
            6.7034663,
            51.7140672
          ],
          [
            6.7033541,
            51.7138561
          ],
          [
            6.7030446,
            51.7134061
          ],
          [
            6.7028231,
            51.7130457
          ],
          [
            6.7026901,
            51.7125361
          ],
          [
            6.7024894,
            51.7119489
          ],
          [
            6.7023394,
            51.7116181
          ],
          [
            6.7021884,
            51.7114045
          ],
          [
            6.7021436,
            51.7113441
          ],
          [
            6.7018942,
            51.711091
          ],
          [
            6.7017335,
            51.710968
          ],
          [
            6.7011606,
            51.7106673
          ],
          [
            6.7006998,
            51.710429
          ],
          [
            6.7005476,
            51.7102966
          ]
        ]
      },
      "id": "way/36510131"
    },
    {
      "type": "Feature",
      "properties": {
        "@id": "way/38906658",
        "alt_name": "Untere Issel",
        "name": "Issel",
        "name:de": "Issel",
        "name:nl": "Oude IJssel",
        "waterway": "river"
      },
      "geometry": {
        "type": "LineString",
        "coordinates": [
          [
            6.525499,
            51.8100765
          ],
          [
            6.5249562,
            51.8100773
          ],
          [
            6.5243183,
            51.8101562
          ],
          [
            6.5238301,
            51.8102665
          ],
          [
            6.5235221,
            51.8103656
          ],
          [
            6.523159,
            51.8105122
          ],
          [
            6.5228532,
            51.8107092
          ],
          [
            6.5225771,
            51.8109478
          ],
          [
            6.5223238,
            51.8112855
          ],
          [
            6.5221384,
            51.8117233
          ],
          [
            6.5220926,
            51.8119858
          ],
          [
            6.5220879,
            51.8121634
          ],
          [
            6.522187,
            51.8128353
          ],
          [
            6.5222514,
            51.8131717
          ],
          [
            6.5222556,
            51.8134623
          ],
          [
            6.5222178,
            51.8136532
          ],
          [
            6.5221048,
            51.8138231
          ],
          [
            6.5219789,
            51.8139256
          ],
          [
            6.5214928,
            51.814308
          ],
          [
            6.5209549,
            51.8146936
          ],
          [
            6.5200542,
            51.815369
          ],
          [
            6.5185338,
            51.8162463
          ],
          [
            6.5178445,
            51.816534
          ],
          [
            6.5171523,
            51.8168761
          ],
          [
            6.51648,
            51.8171426
          ],
          [
            6.5148953,
            51.8177185
          ],
          [
            6.5144694,
            51.8178088
          ],
          [
            6.5138235,
            51.8178902
          ],
          [
            6.5124172,
            51.8182753
          ],
          [
            6.5112077,
            51.8184747
          ],
          [
            6.5103588,
            51.8186051
          ],
          [
            6.5097844,
            51.81866
          ],
          [
            6.5094085,
            51.8186845
          ],
          [
            6.5087967,
            51.8186715
          ],
          [
            6.5081361,
            51.8186343
          ],
          [
            6.5075178,
            51.8185569
          ],
          [
            6.5067834,
            51.8184749
          ],
          [
            6.5060227,
            51.8183877
          ],
          [
            6.5047054,
            51.8182832
          ],
          [
            6.5040429,
            51.8182285
          ],
          [
            6.5037157,
            51.8182302
          ],
          [
            6.5033899,
            51.8182505
          ],
          [
            6.5031481,
            51.8183119
          ],
          [
            6.5029185,
            51.818387
          ],
          [
            6.5018574,
            51.8188716
          ],
          [
            6.5014648,
            51.8190505
          ],
          [
            6.5007038,
            51.8192821
          ],
          [
            6.4997955,
            51.8195157
          ],
          [
            6.4993213,
            51.8196446
          ],
          [
            6.4985742,
            51.8198678
          ],
          [
            6.4978546,
            51.8202238
          ],
          [
            6.4970381,
            51.8206781
          ],
          [
            6.4965409,
            51.8209334
          ],
          [
            6.4962478,
            51.8210553
          ],
          [
            6.4959172,
            51.8211597
          ],
          [
            6.4948161,
            51.8213666
          ],
          [
            6.4939199,
            51.8215428
          ],
          [
            6.4929676,
            51.8217259
          ],
          [
            6.4916343,
            51.8219609
          ],
          [
            6.490425,
            51.8221434
          ],
          [
            6.4892922,
            51.82241
          ],
          [
            6.4887513,
            51.8225815
          ],
          [
            6.4883531,
            51.8228865
          ],
          [
            6.4879474,
            51.8234061
          ],
          [
            6.4875436,
            51.8239143
          ],
          [
            6.4866876,
            51.8246212
          ],
          [
            6.4863546,
            51.8248989
          ],
          [
            6.4862239,
            51.8250878
          ],
          [
            6.4861334,
            51.8253447
          ],
          [
            6.4860447,
            51.8257099
          ],
          [
            6.4857295,
            51.8261232
          ],
          [
            6.4844569,
            51.8268993
          ],
          [
            6.4841222,
            51.8270632
          ],
          [
            6.4835675,
            51.8272138
          ],
          [
            6.482576,
            51.8274068
          ],
          [
            6.4806113,
            51.8278606
          ],
          [
            6.4792415,
            51.8281486
          ],
          [
            6.4783422,
            51.8284573
          ],
          [
            6.4775399,
            51.8288352
          ],
          [
            6.4767812,
            51.8292401
          ],
          [
            6.4745112,
            51.831261
          ],
          [
            6.4739453,
            51.831753
          ],
          [
            6.4736504,
            51.8319612
          ],
          [
            6.4733661,
            51.8320849
          ],
          [
            6.4715541,
            51.8324167
          ],
          [
            6.4708073,
            51.8325584
          ],
          [
            6.4684647,
            51.8332199
          ],
          [
            6.4676559,
            51.8334585
          ],
          [
            6.4671762,
            51.8335625
          ],
          [
            6.4659549,
            51.8337125
          ],
          [
            6.4652084,
            51.8337969
          ],
          [
            6.4647835,
            51.8338715
          ],
          [
            6.4643996,
            51.8341341
          ],
          [
            6.4631137,
            51.8352164
          ],
          [
            6.4628969,
            51.8354405
          ],
          [
            6.4619777,
            51.8362421
          ],
          [
            6.4617375,
            51.8364394
          ],
          [
            6.461628,
            51.8365071
          ],
          [
            6.461501,
            51.8365458
          ],
          [
            6.4611714,
            51.8365501
          ],
          [
            6.4605916,
            51.8365341
          ],
          [
            6.4601568,
            51.8365096
          ],
          [
            6.4590749,
            51.8364564
          ],
          [
            6.4586443,
            51.8364508
          ],
          [
            6.4579466,
            51.8364737
          ],
          [
            6.4573535,
            51.8364862
          ],
          [
            6.4569389,
            51.8364508
          ],
          [
            6.4560761,
            51.8363226
          ],
          [
            6.4549302,
            51.8361996
          ],
          [
            6.4540613,
            51.8361638
          ],
          [
            6.4531661,
            51.8361964
          ],
          [
            6.4521497,
            51.8363427
          ],
          [
            6.4516179,
            51.8364371
          ],
          [
            6.4513335,
            51.836564
          ],
          [
            6.4512029,
            51.8366889
          ],
          [
            6.4501292,
            51.83756
          ],
          [
            6.4498504,
            51.8376583
          ],
          [
            6.4494815,
            51.837715
          ],
          [
            6.4468085,
            51.8379029
          ],
          [
            6.445979,
            51.8379864
          ],
          [
            6.4456776,
            51.8380374
          ],
          [
            6.4453877,
            51.8381148
          ],
          [
            6.4451253,
            51.8382026
          ],
          [
            6.4428707,
            51.8393207
          ],
          [
            6.4426048,
            51.8394348
          ],
          [
            6.4388989,
            51.8403529
          ],
          [
            6.4383982,
            51.8404741
          ],
          [
            6.4377357,
            51.8405516
          ],
          [
            6.4354171,
            51.8407939
          ],
          [
            6.4350417,
            51.8408963
          ],
          [
            6.4346784,
            51.8410066
          ],
          [
            6.434256,
            51.8411349
          ],
          [
            6.433919,
            51.8411601
          ],
          [
            6.4337005,
            51.8411646
          ],
          [
            6.43252,
            51.8409303
          ],
          [
            6.4322451,
            51.840945
          ],
          [
            6.4320913,
            51.8409822
          ],
          [
            6.4317563,
            51.8411017
          ],
          [
            6.4312674,
            51.8412741
          ],
          [
            6.4307768,
            51.8413397
          ],
          [
            6.429762,
            51.8413591
          ],
          [
            6.4295491,
            51.8414278
          ],
          [
            6.4286109,
            51.841882
          ],
          [
            6.4272495,
            51.842398
          ],
          [
            6.4271049,
            51.8424528
          ],
          [
            6.426933,
            51.8425014
          ],
          [
            6.4266716,
            51.8425752
          ],
          [
            6.4251641,
            51.8429103
          ],
          [
            6.4248905,
            51.8430189
          ],
          [
            6.4231366,
            51.843814
          ],
          [
            6.4224536,
            51.8441456
          ],
          [
            6.4217579,
            51.8445494
          ],
          [
            6.4215165,
            51.8447722
          ],
          [
            6.4210432,
            51.8452474
          ],
          [
            6.4206625,
            51.8455879
          ],
          [
            6.4194741,
            51.8467669
          ],
          [
            6.4191423,
            51.8470394
          ],
          [
            6.4184526,
            51.8474359
          ],
          [
            6.4160853,
            51.8484718
          ],
          [
            6.4148199,
            51.848991
          ],
          [
            6.4126278,
            51.8501455
          ],
          [
            6.411164,
            51.8508318
          ],
          [
            6.4106982,
            51.8510729
          ],
          [
            6.4104947,
            51.8512156
          ],
          [
            6.4095324,
            51.8520286
          ],
          [
            6.4092064,
            51.8523592
          ],
          [
            6.409,
            51.8526516
          ],
          [
            6.4090016,
            51.8532938
          ],
          [
            6.4088964,
            51.8534395
          ],
          [
            6.4087576,
            51.8535754
          ],
          [
            6.408215,
            51.85407
          ],
          [
            6.4079735,
            51.8542483
          ],
          [
            6.4076156,
            51.8544061
          ],
          [
            6.4072248,
            51.854488
          ],
          [
            6.4068354,
            51.8545238
          ],
          [
            6.405687,
            51.8545396
          ],
          [
            6.4053254,
            51.8545585
          ],
          [
            6.4048515,
            51.8546461
          ],
          [
            6.4014369,
            51.8554266
          ],
          [
            6.4004653,
            51.8558312
          ],
          [
            6.4000569,
            51.8560271
          ],
          [
            6.3997309,
            51.8562818
          ],
          [
            6.3992137,
            51.8567767
          ],
          [
            6.3989121,
            51.8569316
          ],
          [
            6.3972885,
            51.8575126
          ],
          [
            6.3970041,
            51.8576617
          ],
          [
            6.3966782,
            51.8578877
          ],
          [
            6.3957731,
            51.8588182
          ],
          [
            6.3954754,
            51.859099
          ],
          [
            6.3952146,
            51.8592655
          ],
          [
            6.3920941,
            51.8603326
          ],
          [
            6.3918681,
            51.8604139
          ],
          [
            6.3917528,
            51.860479
          ],
          [
            6.3916134,
            51.8606536
          ],
          [
            6.3915174,
            51.8608649
          ],
          [
            6.3914892,
            51.861377
          ],
          [
            6.3914242,
            51.8619163
          ],
          [
            6.3913805,
            51.8622895
          ],
          [
            6.3912833,
            51.8626226
          ],
          [
            6.3910889,
            51.8629439
          ],
          [
            6.3905926,
            51.8636312
          ],
          [
            6.3900532,
            51.8644044
          ],
          [
            6.389894,
            51.865073
          ],
          [
            6.3899013,
            51.8652642
          ],
          [
            6.3898666,
            51.8663657
          ],
          [
            6.3899045,
            51.8668649
          ],
          [
            6.3899691,
            51.8672114
          ],
          [
            6.3906037,
            51.8686015
          ],
          [
            6.3910802,
            51.8696424
          ],
          [
            6.3911459,
            51.8698604
          ],
          [
            6.3911333,
            51.87003
          ],
          [
            6.3910611,
            51.8703205
          ],
          [
            6.3906667,
            51.8713672
          ],
          [
            6.3906839,
            51.8715082
          ],
          [
            6.3910223,
            51.8723331
          ],
          [
            6.3911488,
            51.8727366
          ],
          [
            6.3911658,
            51.8728444
          ],
          [
            6.391134,
            51.8729729
          ],
          [
            6.3910838,
            51.8730612
          ],
          [
            6.3910045,
            51.8732007
          ],
          [
            6.3905414,
            51.8740036
          ]
        ]
      },
      "id": "way/38906658"
    },
    {
      "type": "Feature",
      "properties": {
        "@id": "way/38906686",
        "alt_name": "Mittlere Issel",
        "name": "Issel",
        "name:de": "Issel",
        "name:nl": "Oude IJssel",
        "source": "bing & extrapolation",
        "waterway": "river"
      },
      "geometry": {
        "type": "LineString",
        "coordinates": [
          [
            6.5418268,
            51.7951692
          ],
          [
            6.5416793,
            51.7953592
          ],
          [
            6.5414962,
            51.7957014
          ],
          [
            6.5413883,
            51.796007
          ],
          [
            6.5413193,
            51.7962938
          ],
          [
            6.5412372,
            51.7973672
          ],
          [
            6.5412575,
            51.797828
          ],
          [
            6.541317,
            51.7981106
          ],
          [
            6.5413635,
            51.798478
          ],
          [
            6.5413666,
            51.7986996
          ],
          [
            6.5412938,
            51.7990094
          ],
          [
            6.540988,
            51.7996148
          ],
          [
            6.5409264,
            51.7998599
          ],
          [
            6.5408799,
            51.8001267
          ],
          [
            6.5408741,
            51.8006006
          ],
          [
            6.5408988,
            51.8012074
          ],
          [
            6.5408908,
            51.8013763
          ]
        ]
      },
      "id": "way/38906686"
    },
    {
      "type": "Feature",
      "properties": {
        "@id": "way/50866043",
        "alt_name": "Obere Issel",
        "name": "Issel",
        "name:de": "Issel",
        "name:nl": "Oude IJssel",
        "source": "bing & extrapolation",
        "waterway": "river"
      },
      "geometry": {
        "type": "LineString",
        "coordinates": [
          [
            6.7187637,
            51.7238877
          ],
          [
            6.718157,
            51.7237834
          ],
          [
            6.7170683,
            51.7236028
          ],
          [
            6.7168414,
            51.7235737
          ],
          [
            6.7166538,
            51.7235648
          ],
          [
            6.7162816,
            51.7235929
          ],
          [
            6.7158046,
            51.7236277
          ],
          [
            6.7154681,
            51.7236357
          ],
          [
            6.7151693,
            51.7236126
          ],
          [
            6.7147747,
            51.72351
          ],
          [
            6.714529,
            51.7234022
          ],
          [
            6.7143029,
            51.7232685
          ],
          [
            6.7141615,
            51.7231433
          ],
          [
            6.7138651,
            51.7227552
          ],
          [
            6.7135747,
            51.7223697
          ],
          [
            6.7130514,
            51.7219476
          ],
          [
            6.7109509,
            51.7205826
          ]
        ]
      },
      "id": "way/50866043"
    },
    {
      "type": "Feature",
      "properties": {
        "@id": "way/50866048",
        "alt_name": "Obere Issel",
        "name": "Issel",
        "name:de": "Issel",
        "name:nl": "Oude IJssel",
        "source": "survey, bing & extrapolation",
        "waterway": "river"
      },
      "geometry": {
        "type": "LineString",
        "coordinates": [
          [
            6.7254983,
            51.7258983
          ],
          [
            6.7251139,
            51.7257789
          ],
          [
            6.7227802,
            51.7251744
          ],
          [
            6.7213793,
            51.7247603
          ],
          [
            6.7210277,
            51.7246366
          ],
          [
            6.7209041,
            51.7245758
          ],
          [
            6.7204828,
            51.724305
          ],
          [
            6.7202981,
            51.7241962
          ],
          [
            6.7200719,
            51.7241211
          ],
          [
            6.7197345,
            51.7240601
          ],
          [
            6.7187637,
            51.7238877
          ]
        ]
      },
      "id": "way/50866048"
    },
    {
      "type": "Feature",
      "properties": {
        "@id": "way/88499642",
        "alt_name": "Mittlere Issel",
        "name:de": "Issel",
        "name:nl": "Oude IJssel",
        "source": "bing & extrapolation",
        "waterway": "river"
      },
      "geometry": {
        "type": "LineString",
        "coordinates": [
          [
            6.6464916,
            51.6905332
          ],
          [
            6.6455354,
            51.6908405
          ],
          [
            6.6440137,
            51.6913892
          ],
          [
            6.6434094,
            51.6916078
          ],
          [
            6.6431671,
            51.6917316
          ],
          [
            6.6430625,
            51.6918317
          ],
          [
            6.6429865,
            51.6919584
          ],
          [
            6.642844,
            51.6922795
          ],
          [
            6.6427347,
            51.692415
          ],
          [
            6.6426349,
            51.6925122
          ],
          [
            6.6424985,
            51.6925835
          ],
          [
            6.6406248,
            51.6933369
          ],
          [
            6.6387081,
            51.6940477
          ],
          [
            6.6384372,
            51.6941773
          ],
          [
            6.6381711,
            51.6943629
          ],
          [
            6.6372465,
            51.6950234
          ],
          [
            6.6369885,
            51.6952153
          ]
        ]
      },
      "id": "way/88499642"
    },
    {
      "type": "Feature",
      "properties": {
        "@id": "way/88847726",
        "alt_name": "Westfälische Issel",
        "name": "Issel",
        "name:nl": "Oude IJssel",
        "source": "survey, bing & extrapolation",
        "waterway": "stream",
        "wikidata": "Q181067",
        "wikipedia": "de:Issel (Fluss)"
      },
      "geometry": {
        "type": "LineString",
        "coordinates": [
          [
            6.8304325,
            51.7948877
          ],
          [
            6.8304797,
            51.794992
          ],
          [
            6.8296449,
            51.7958738
          ],
          [
            6.8295191,
            51.7959357
          ],
          [
            6.8291753,
            51.796013
          ],
          [
            6.8273359,
            51.7963303
          ],
          [
            6.8254905,
            51.7966546
          ],
          [
            6.8254414,
            51.7966751
          ],
          [
            6.8254013,
            51.7967057
          ],
          [
            6.8253732,
            51.7967451
          ],
          [
            6.8253523,
            51.7967923
          ],
          [
            6.8253385,
            51.7972139
          ]
        ]
      },
      "id": "way/88847726"
    },
    {
      "type": "Feature",
      "properties": {
        "@id": "way/88847728",
        "alt_name": "Westfälische Issel",
        "layer": "-1",
        "name": "Issel",
        "name:nl": "Oude IJssel",
        "source": "extrapolation",
        "tunnel": "yes",
        "waterway": "stream",
        "wikidata": "Q181067",
        "wikipedia": "de:Issel (Fluss)"
      },
      "geometry": {
        "type": "LineString",
        "coordinates": [
          [
            6.8303988,
            51.7947464
          ],
          [
            6.8304325,
            51.7948877
          ]
        ]
      },
      "id": "way/88847728"
    },
    {
      "type": "Feature",
      "properties": {
        "@id": "way/90256357",
        "alt_name": "Untere Issel",
        "name": "Issel",
        "name:de": "Issel",
        "name:nl": "Oude IJssel",
        "source": "bing & extrapolation",
        "waterway": "river"
      },
      "geometry": {
        "type": "LineString",
        "coordinates": [
          [
            6.5408908,
            51.8013763
          ],
          [
            6.5407646,
            51.8015902
          ],
          [
            6.5406226,
            51.8017594
          ],
          [
            6.5403634,
            51.8019499
          ],
          [
            6.5390885,
            51.8024573
          ],
          [
            6.5343427,
            51.8050697
          ],
          [
            6.5340552,
            51.8052415
          ],
          [
            6.5337487,
            51.8054619
          ],
          [
            6.5330241,
            51.8061167
          ],
          [
            6.5327882,
            51.806342
          ],
          [
            6.5325083,
            51.8065255
          ],
          [
            6.5311442,
            51.8072278
          ],
          [
            6.5299641,
            51.8079529
          ],
          [
            6.5279643,
            51.8095067
          ],
          [
            6.5276015,
            51.8097558
          ],
          [
            6.5269952,
            51.8099665
          ],
          [
            6.5265405,
            51.8100651
          ],
          [
            6.5262092,
            51.8100683
          ],
          [
            6.525499,
            51.8100765
          ]
        ]
      },
      "id": "way/90256357"
    },
    {
      "type": "Feature",
      "properties": {
        "@id": "way/90256360",
        "alt_name": "Mittlere Issel",
        "name": "Issel",
        "name:de": "Issel",
        "name:nl": "Oude IJssel",
        "source": "bing & extrapolation",
        "waterway": "river"
      },
      "geometry": {
        "type": "LineString",
        "coordinates": [
          [
            6.5677445,
            51.7797908
          ],
          [
            6.5674778,
            51.779367
          ],
          [
            6.5673117,
            51.7791319
          ],
          [
            6.5671667,
            51.7789829
          ],
          [
            6.5669221,
            51.7787805
          ],
          [
            6.5666613,
            51.7786443
          ],
          [
            6.56617,
            51.7784839
          ],
          [
            6.5658062,
            51.7784539
          ],
          [
            6.5645284,
            51.7783785
          ],
          [
            6.5629489,
            51.7782012
          ],
          [
            6.5614013,
            51.7780185
          ],
          [
            6.5607394,
            51.7779514
          ],
          [
            6.5604566,
            51.7779516
          ],
          [
            6.5601488,
            51.7779892
          ],
          [
            6.5591432,
            51.7782054
          ],
          [
            6.5588057,
            51.7782976
          ],
          [
            6.558458,
            51.7784174
          ],
          [
            6.5568683,
            51.7789811
          ],
          [
            6.5564838,
            51.7791721
          ],
          [
            6.5562208,
            51.7793579
          ],
          [
            6.5559331,
            51.7796169
          ],
          [
            6.5556725,
            51.779905
          ],
          [
            6.5554112,
            51.7802509
          ],
          [
            6.5552758,
            51.7806311
          ],
          [
            6.5552343,
            51.7810299
          ],
          [
            6.5552254,
            51.7812754
          ],
          [
            6.5552273,
            51.7816844
          ],
          [
            6.5553691,
            51.7820287
          ]
        ]
      },
      "id": "way/90256360"
    },
    {
      "type": "Feature",
      "properties": {
        "@id": "way/90256366",
        "alt_name": "Mittlere Issel",
        "name": "Issel",
        "name:de": "Issel",
        "name:nl": "Oude IJssel",
        "source": "bing & extrapolation",
        "waterway": "river"
      },
      "geometry": {
        "type": "LineString",
        "coordinates": [
          [
            6.5574185,
            51.7919923
          ],
          [
            6.5572245,
            51.7920801
          ],
          [
            6.5569723,
            51.7921617
          ],
          [
            6.5541568,
            51.7932595
          ],
          [
            6.5536455,
            51.7933908
          ],
          [
            6.5532755,
            51.7934539
          ],
          [
            6.5527915,
            51.7935044
          ],
          [
            6.5522863,
            51.7935054
          ],
          [
            6.5512795,
            51.7934326
          ],
          [
            6.5501992,
            51.7933278
          ],
          [
            6.5498149,
            51.793271
          ],
          [
            6.5488812,
            51.7929679
          ],
          [
            6.5482843,
            51.7929325
          ],
          [
            6.5478378,
            51.7929517
          ],
          [
            6.5474592,
            51.7930109
          ],
          [
            6.5465888,
            51.7932208
          ],
          [
            6.546161,
            51.7933352
          ],
          [
            6.5442612,
            51.793806
          ],
          [
            6.5437289,
            51.7939825
          ],
          [
            6.5432147,
            51.7942597
          ],
          [
            6.5429326,
            51.7943964
          ],
          [
            6.5424244,
            51.7946038
          ],
          [
            6.5419919,
            51.7949331
          ],
          [
            6.5418268,
            51.7951692
          ]
        ]
      },
      "id": "way/90256366"
    },
    {
      "type": "Feature",
      "properties": {
        "@id": "way/90256368",
        "alt_name": "Mittlere Issel",
        "name": "Issel",
        "name:de": "Issel",
        "name:nl": "Oude IJssel",
        "source": "bing & extrapolation",
        "waterway": "river"
      },
      "geometry": {
        "type": "LineString",
        "coordinates": [
          [
            6.5758665,
            51.7794476
          ],
          [
            6.5757962,
            51.779631
          ],
          [
            6.575697,
            51.7797777
          ],
          [
            6.5755536,
            51.7799505
          ],
          [
            6.5754495,
            51.7800421
          ],
          [
            6.5753406,
            51.7801251
          ],
          [
            6.5751424,
            51.7802213
          ],
          [
            6.5748958,
            51.7802937
          ],
          [
            6.5743578,
            51.780355
          ],
          [
            6.5731765,
            51.7805011
          ],
          [
            6.5715247,
            51.7806905
          ],
          [
            6.5708365,
            51.7807492
          ],
          [
            6.5704047,
            51.7807884
          ],
          [
            6.5698839,
            51.7807749
          ],
          [
            6.5694138,
            51.7807366
          ],
          [
            6.5688776,
            51.7806279
          ],
          [
            6.5684401,
            51.780443
          ],
          [
            6.5681412,
            51.7802583
          ],
          [
            6.5679162,
            51.7800655
          ],
          [
            6.5677445,
            51.7797908
          ]
        ]
      },
      "id": "way/90256368"
    },
    {
      "type": "Feature",
      "properties": {
        "@id": "way/90256369",
        "alt_name": "Mittlere Issel",
        "name": "Issel",
        "name:de": "Issel",
        "name:nl": "Oude IJssel",
        "source": "bing & extrapolation",
        "waterway": "river"
      },
      "geometry": {
        "type": "LineString",
        "coordinates": [
          [
            6.5553691,
            51.7820287
          ],
          [
            6.5556491,
            51.7826182
          ],
          [
            6.555934,
            51.7831348
          ],
          [
            6.5560363,
            51.7833136
          ],
          [
            6.5564876,
            51.7838384
          ],
          [
            6.5567435,
            51.784142
          ],
          [
            6.5573585,
            51.784732
          ],
          [
            6.5576637,
            51.7849556
          ],
          [
            6.5587014,
            51.7856084
          ],
          [
            6.5590799,
            51.7858924
          ],
          [
            6.5594034,
            51.7861974
          ],
          [
            6.559854,
            51.7868343
          ],
          [
            6.5603464,
            51.7875708
          ],
          [
            6.5604929,
            51.7878991
          ],
          [
            6.5605105,
            51.7882564
          ],
          [
            6.5604414,
            51.788813
          ],
          [
            6.560376,
            51.7890159
          ],
          [
            6.5602347,
            51.7894412
          ],
          [
            6.5599381,
            51.7898819
          ],
          [
            6.5595606,
            51.7902655
          ],
          [
            6.5590749,
            51.790682
          ],
          [
            6.5580614,
            51.7915667
          ],
          [
            6.5577541,
            51.7917927
          ],
          [
            6.5574185,
            51.7919923
          ]
        ]
      },
      "id": "way/90256369"
    },
    {
      "type": "Feature",
      "properties": {
        "@id": "way/90263729",
        "alt_name": "Mittlere Issel",
        "name": "Issel",
        "name:de": "Issel",
        "name:nl": "Oude IJssel",
        "source": "bing & extrapolation",
        "waterway": "river"
      },
      "geometry": {
        "type": "LineString",
        "coordinates": [
          [
            6.5724068,
            51.7752839
          ],
          [
            6.5725775,
            51.7754555
          ],
          [
            6.5729576,
            51.7758876
          ],
          [
            6.5735492,
            51.77699
          ],
          [
            6.5737116,
            51.7772374
          ],
          [
            6.5738517,
            51.7774437
          ],
          [
            6.5741024,
            51.7776711
          ],
          [
            6.5754332,
            51.7784904
          ],
          [
            6.5756892,
            51.77869
          ],
          [
            6.5759059,
            51.7789454
          ],
          [
            6.575913,
            51.7791058
          ],
          [
            6.575915,
            51.7791509
          ],
          [
            6.5758665,
            51.7794476
          ]
        ]
      },
      "id": "way/90263729"
    },
    {
      "type": "Feature",
      "properties": {
        "@id": "way/90263737",
        "alt_name": "Mittlere Issel",
        "name": "Issel",
        "name:de": "Issel",
        "name:nl": "Oude IJssel",
        "source": "bing & extrapolation",
        "waterway": "river"
      },
      "geometry": {
        "type": "LineString",
        "coordinates": [
          [
            6.6369885,
            51.6952153
          ],
          [
            6.6347511,
            51.6968272
          ],
          [
            6.6346237,
            51.6969486
          ],
          [
            6.6335957,
            51.6991862
          ],
          [
            6.6324438,
            51.7018233
          ],
          [
            6.6320411,
            51.7027612
          ],
          [
            6.6318435,
            51.7031335
          ],
          [
            6.6317388,
            51.703261
          ],
          [
            6.6313451,
            51.7034639
          ],
          [
            6.6307339,
            51.7037677
          ],
          [
            6.6298976,
            51.7041895
          ],
          [
            6.6295863,
            51.7043409
          ],
          [
            6.6287132,
            51.7047864
          ],
          [
            6.6255892,
            51.7062632
          ],
          [
            6.625295,
            51.7064123
          ],
          [
            6.6250152,
            51.7065986
          ],
          [
            6.6244462,
            51.7070452
          ],
          [
            6.6211346,
            51.7099239
          ],
          [
            6.6208953,
            51.7101861
          ],
          [
            6.6194315,
            51.7120044
          ],
          [
            6.6185758,
            51.7130431
          ],
          [
            6.6179335,
            51.7137819
          ],
          [
            6.6147576,
            51.7173961
          ],
          [
            6.6146188,
            51.7175844
          ],
          [
            6.6145615,
            51.7176994
          ],
          [
            6.6145381,
            51.7177958
          ],
          [
            6.6139469,
            51.7215456
          ],
          [
            6.6138991,
            51.7216137
          ],
          [
            6.6137784,
            51.721681
          ],
          [
            6.6135961,
            51.7217524
          ],
          [
            6.6127394,
            51.7220383
          ],
          [
            6.612595,
            51.7221231
          ],
          [
            6.6124771,
            51.7222715
          ],
          [
            6.6124087,
            51.7224505
          ],
          [
            6.6123441,
            51.7226812
          ],
          [
            6.6123023,
            51.7228861
          ],
          [
            6.6122604,
            51.7232464
          ],
          [
            6.6122651,
            51.7236407
          ],
          [
            6.6123126,
            51.7237198
          ],
          [
            6.6124344,
            51.7239077
          ],
          [
            6.6129112,
            51.7245618
          ],
          [
            6.6131852,
            51.7248421
          ],
          [
            6.6133345,
            51.7250069
          ],
          [
            6.6134235,
            51.7251208
          ],
          [
            6.6134732,
            51.7252128
          ],
          [
            6.613496,
            51.7253376
          ],
          [
            6.6134655,
            51.7258132
          ],
          [
            6.6134087,
            51.725899
          ],
          [
            6.6132288,
            51.7260838
          ],
          [
            6.6106311,
            51.7283761
          ],
          [
            6.6102315,
            51.728713
          ],
          [
            6.6102059,
            51.7287346
          ],
          [
            6.6101597,
            51.7287736
          ],
          [
            6.6099407,
            51.7289921
          ],
          [
            6.6097343,
            51.7292648
          ],
          [
            6.6096214,
            51.729414
          ],
          [
            6.6092625,
            51.7299132
          ],
          [
            6.6067817,
            51.7331808
          ],
          [
            6.6062111,
            51.7339602
          ],
          [
            6.6060661,
            51.7342202
          ],
          [
            6.6059615,
            51.7344909
          ],
          [
            6.6055081,
            51.7359572
          ],
          [
            6.6051485,
            51.7367762
          ],
          [
            6.6049317,
            51.7370836
          ],
          [
            6.6044268,
            51.7375398
          ],
          [
            6.6033141,
            51.7384136
          ],
          [
            6.6027687,
            51.7388712
          ],
          [
            6.6026572,
            51.7389683
          ],
          [
            6.6025614,
            51.7390728
          ],
          [
            6.6024968,
            51.7391716
          ],
          [
            6.6024246,
            51.7393953
          ],
          [
            6.6023523,
            51.7398826
          ],
          [
            6.6022383,
            51.7404099
          ],
          [
            6.6019121,
            51.74132
          ],
          [
            6.6018531,
            51.7414712
          ],
          [
            6.6017525,
            51.7416477
          ],
          [
            6.6015577,
            51.7419063
          ],
          [
            6.601286,
            51.7422086
          ],
          [
            6.6010837,
            51.7423841
          ],
          [
            6.5998395,
            51.7442161
          ],
          [
            6.599561,
            51.7446858
          ],
          [
            6.5993645,
            51.7452415
          ],
          [
            6.5993408,
            51.7453493
          ],
          [
            6.5993482,
            51.7455553
          ],
          [
            6.59939,
            51.7456404
          ],
          [
            6.5995675,
            51.7459377
          ],
          [
            6.5996826,
            51.7461208
          ],
          [
            6.5997381,
            51.7462606
          ],
          [
            6.5999653,
            51.7482011
          ],
          [
            6.5999021,
            51.7483704
          ],
          [
            6.5998058,
            51.7484896
          ],
          [
            6.5996565,
            51.7485969
          ],
          [
            6.5994302,
            51.7487043
          ],
          [
            6.5991895,
            51.7487847
          ],
          [
            6.5983441,
            51.7490804
          ],
          [
            6.5981345,
            51.7491919
          ],
          [
            6.5979299,
            51.7493521
          ],
          [
            6.5978165,
            51.7494788
          ],
          [
            6.5977648,
            51.7495734
          ],
          [
            6.5977229,
            51.7497352
          ],
          [
            6.5976785,
            51.7500496
          ],
          [
            6.5977155,
            51.7503197
          ],
          [
            6.5978239,
            51.7505395
          ],
          [
            6.5981765,
            51.7509363
          ],
          [
            6.5983194,
            51.7511347
          ],
          [
            6.5983466,
            51.7513529
          ],
          [
            6.5982652,
            51.7515513
          ],
          [
            6.5981198,
            51.7517665
          ],
          [
            6.5979447,
            51.751939
          ],
          [
            6.5977007,
            51.7520779
          ],
          [
            6.5973851,
            51.7522076
          ],
          [
            6.5969266,
            51.752409
          ],
          [
            6.5967713,
            51.7525159
          ],
          [
            6.5966776,
            51.7526471
          ],
          [
            6.596412,
            51.7542697
          ],
          [
            6.5963338,
            51.754568
          ],
          [
            6.5962817,
            51.7547874
          ],
          [
            6.5961895,
            51.7550894
          ],
          [
            6.5959735,
            51.7558197
          ],
          [
            6.5958886,
            51.7561188
          ],
          [
            6.5958134,
            51.7563979
          ],
          [
            6.5957299,
            51.7575167
          ],
          [
            6.5956947,
            51.7577605
          ],
          [
            6.5954737,
            51.7584827
          ],
          [
            6.595444,
            51.7587225
          ],
          [
            6.5954498,
            51.7594948
          ],
          [
            6.5950908,
            51.7616008
          ],
          [
            6.5949944,
            51.7617946
          ],
          [
            6.5947883,
            51.7619734
          ],
          [
            6.5934536,
            51.7629338
          ],
          [
            6.5928299,
            51.7633964
          ],
          [
            6.5923985,
            51.7637611
          ],
          [
            6.5921481,
            51.7639161
          ],
          [
            6.5918631,
            51.7640543
          ],
          [
            6.5893979,
            51.7650461
          ],
          [
            6.5889703,
            51.7651662
          ],
          [
            6.5881744,
            51.7653271
          ],
          [
            6.5877554,
            51.7654478
          ],
          [
            6.5873779,
            51.7656189
          ],
          [
            6.5870597,
            51.7658485
          ],
          [
            6.5864964,
            51.7663895
          ],
          [
            6.5861806,
            51.7666731
          ],
          [
            6.585888,
            51.7668826
          ],
          [
            6.5852689,
            51.7672731
          ],
          [
            6.5850284,
            51.7673979
          ],
          [
            6.5847399,
            51.7675599
          ],
          [
            6.5842142,
            51.7677816
          ],
          [
            6.5835853,
            51.7679905
          ],
          [
            6.5820083,
            51.7684223
          ],
          [
            6.5814517,
            51.7685445
          ],
          [
            6.580507,
            51.7686968
          ],
          [
            6.5794073,
            51.7687432
          ],
          [
            6.5782698,
            51.7687874
          ],
          [
            6.5773724,
            51.7687898
          ],
          [
            6.5768296,
            51.7688418
          ],
          [
            6.5742635,
            51.7691714
          ],
          [
            6.5731996,
            51.7692612
          ],
          [
            6.5724886,
            51.7693386
          ],
          [
            6.57154,
            51.7695158
          ],
          [
            6.5705882,
            51.7697449
          ],
          [
            6.5701086,
            51.7699252
          ],
          [
            6.5698487,
            51.7700695
          ],
          [
            6.5696694,
            51.770257
          ],
          [
            6.5694875,
            51.7705883
          ],
          [
            6.569379,
            51.771156
          ],
          [
            6.5693815,
            51.7715529
          ],
          [
            6.5695059,
            51.7722494
          ],
          [
            6.5696606,
            51.7731246
          ],
          [
            6.5697181,
            51.7732622
          ],
          [
            6.5700788,
            51.7736731
          ],
          [
            6.5706942,
            51.7742508
          ],
          [
            6.5711187,
            51.7745216
          ],
          [
            6.5716921,
            51.7748141
          ],
          [
            6.5720685,
            51.775028
          ],
          [
            6.5724068,
            51.7752839
          ]
        ]
      },
      "id": "way/90263737"
    },
    {
      "type": "Feature",
      "properties": {
        "@id": "way/96508653",
        "alt_name": "Westfälische Issel",
        "layer": "-1",
        "name": "Issel",
        "name:nl": "Oude IJssel",
        "source": "survey, bing & extrapolation",
        "tunnel": "yes",
        "waterway": "stream",
        "wikidata": "Q181067",
        "wikipedia": "de:Issel (Fluss)"
      },
      "geometry": {
        "type": "LineString",
        "coordinates": [
          [
            6.8253385,
            51.7972139
          ],
          [
            6.8253389,
            51.7972869
          ]
        ]
      },
      "id": "way/96508653"
    },
    {
      "type": "Feature",
      "properties": {
        "@id": "way/96508659",
        "alt_name": "Westfälische Issel",
        "name": "Issel",
        "name:nl": "Oude IJssel",
        "source": "survey, bing & extrapolation",
        "waterway": "stream",
        "wikidata": "Q181067",
        "wikipedia": "de:Issel (Fluss)"
      },
      "geometry": {
        "type": "LineString",
        "coordinates": [
          [
            6.8253128,
            51.798105
          ],
          [
            6.8252849,
            51.7989943
          ]
        ]
      },
      "id": "way/96508659"
    },
    {
      "type": "Feature",
      "properties": {
        "@id": "way/110918211",
        "CEMT": "Va",
        "alt_name": "IJssel",
        "boat": "yes",
        "name": "Keteldiep",
        "waterway": "river",
        "wikidata": "Q2475764",
        "wikipedia": "nl:Keteldiep"
      },
      "geometry": {
        "type": "LineString",
        "coordinates": [
          [
            5.841785,
            52.5817624
          ],
          [
            5.8394855,
            52.5821689
          ],
          [
            5.83716,
            52.582607
          ],
          [
            5.8344802,
            52.5828881
          ],
          [
            5.8269056,
            52.5831514
          ],
          [
            5.821838,
            52.583225
          ],
          [
            5.80715,
            52.583508
          ],
          [
            5.8037276,
            52.5835708
          ],
          [
            5.7993221,
            52.5835735
          ],
          [
            5.792634,
            52.583508
          ],
          [
            5.7904065,
            52.5834757
          ],
          [
            5.7841387,
            52.5835132
          ],
          [
            5.777735,
            52.5835612
          ]
        ]
      },
      "id": "way/110918211"
    },
    {
      "type": "Feature",
      "properties": {
        "@id": "way/110918213",
        "CEMT": "0",
        "boat": "yes",
        "name": "Kattendiep",
        "waterway": "fairway",
        "wikidata": "Q1882161",
        "wikipedia": "nl:Kattendiep (Ketelmeer)"
      },
      "geometry": {
        "type": "LineString",
        "coordinates": [
          [
            5.841785,
            52.5817624
          ],
          [
            5.8406922,
            52.5829841
          ],
          [
            5.8323369,
            52.5884254
          ],
          [
            5.8298064,
            52.5901465
          ],
          [
            5.8259737,
            52.5910145
          ],
          [
            5.8223664,
            52.5915828
          ],
          [
            5.8142539,
            52.5952136
          ],
          [
            5.8111389,
            52.5964095
          ],
          [
            5.8081371,
            52.5973815
          ],
          [
            5.793186,
            52.5999292
          ]
        ]
      },
      "id": "way/110918213"
    },
    {
      "type": "Feature",
      "properties": {
        "@id": "way/161171661"
      },
      "geometry": {
        "type": "LineString",
        "coordinates": [
          [
            5.7777372,
            52.5838461
          ],
          [
            5.789533,
            52.58374
          ],
          [
            5.792386,
            52.583786
          ],
          [
            5.797381,
            52.583809
          ],
          [
            5.802715,
            52.583847
          ],
          [
            5.803828,
            52.583843
          ],
          [
            5.8042,
            52.583839
          ],
          [
            5.807457,
            52.583767
          ],
          [
            5.817731,
            52.583572
          ],
          [
            5.818746,
            52.583549
          ],
          [
            5.825102,
            52.583416
          ],
          [
            5.82583,
            52.583412
          ],
          [
            5.827502,
            52.58345
          ],
          [
            5.829357,
            52.583508
          ],
          [
            5.829733,
            52.583515
          ],
          [
            5.830111,
            52.583519
          ],
          [
            5.831925,
            52.583488
          ],
          [
            5.83371,
            52.583385
          ],
          [
            5.834458,
            52.583313
          ],
          [
            5.835722,
            52.583141
          ],
          [
            5.838028,
            52.582703
          ],
          [
            5.838031,
            52.582703
          ],
          [
            5.839417,
            52.582405
          ],
          [
            5.8401042,
            52.5825568
          ],
          [
            5.8402002,
            52.5827112
          ]
        ]
      },
      "id": "way/161171661"
    },
    {
      "type": "Feature",
      "properties": {
        "@id": "way/197667813",
        "CEMT": "Va",
        "name": "IJssel",
        "name:de": "IJssel",
        "name:en": "IJssel",
        "name:es": "Río IJssel",
        "name:fy": "Isel",
        "name:nl": "IJssel",
        "operator": "Rijkswaterstaat",
        "waterway": "river"
      },
      "geometry": {
        "type": "LineString",
        "coordinates": [
          [
            6.1915089,
            52.1679582
          ],
          [
            6.1925316,
            52.1691602
          ],
          [
            6.1929759,
            52.1698985
          ],
          [
            6.1934313,
            52.1708302
          ],
          [
            6.1940301,
            52.172417
          ],
          [
            6.1942588,
            52.1737457
          ],
          [
            6.1942624,
            52.1747524
          ],
          [
            6.1941407,
            52.1751985
          ],
          [
            6.1940264,
            52.1754461
          ],
          [
            6.1934896,
            52.1764834
          ],
          [
            6.1928459,
            52.1772698
          ],
          [
            6.191853,
            52.1781484
          ],
          [
            6.1914192,
            52.178421
          ],
          [
            6.191377,
            52.1785112
          ],
          [
            6.1901313,
            52.1791578
          ],
          [
            6.1889126,
            52.1796875
          ],
          [
            6.1882291,
            52.1798898
          ],
          [
            6.187457,
            52.1800479
          ],
          [
            6.1837224,
            52.1806327
          ],
          [
            6.1830397,
            52.1807788
          ],
          [
            6.1823558,
            52.1809632
          ],
          [
            6.1817021,
            52.1812013
          ],
          [
            6.1805848,
            52.1816852
          ],
          [
            6.1795996,
            52.1821952
          ],
          [
            6.1780971,
            52.1832209
          ],
          [
            6.1733576,
            52.1867035
          ],
          [
            6.1729148,
            52.1870306
          ],
          [
            6.171501,
            52.1881276
          ],
          [
            6.170836,
            52.1885634
          ],
          [
            6.1692832,
            52.1892479
          ],
          [
            6.1683772,
            52.189444
          ],
          [
            6.1676516,
            52.1896092
          ],
          [
            6.1663822,
            52.1897794
          ],
          [
            6.1650567,
            52.1897914
          ],
          [
            6.1633519,
            52.1896016
          ],
          [
            6.1622369,
            52.1894022
          ],
          [
            6.1614224,
            52.1894108
          ],
          [
            6.1604989,
            52.189596
          ],
          [
            6.1593939,
            52.1899062
          ],
          [
            6.1587545,
            52.1902436
          ],
          [
            6.1586693,
            52.1902885
          ],
          [
            6.1578194,
            52.19104
          ],
          [
            6.1572905,
            52.1917446
          ],
          [
            6.156674,
            52.1926675
          ],
          [
            6.1562364,
            52.1937566
          ],
          [
            6.1561504,
            52.1960214
          ],
          [
            6.1566166,
            52.1974191
          ],
          [
            6.1569913,
            52.1981433
          ],
          [
            6.1574462,
            52.19906
          ],
          [
            6.1581737,
            52.1996844
          ],
          [
            6.1589894,
            52.2001704
          ],
          [
            6.1608752,
            52.2010506
          ],
          [
            6.1626636,
            52.2013178
          ],
          [
            6.1635091,
            52.2013575
          ],
          [
            6.1649458,
            52.2013469
          ],
          [
            6.1674394,
            52.2010547
          ],
          [
            6.169578,
            52.2010475
          ],
          [
            6.1715108,
            52.2011515
          ],
          [
            6.1724931,
            52.2012798
          ],
          [
            6.1741388,
            52.2016913
          ],
          [
            6.1772627,
            52.2029737
          ],
          [
            6.1788804,
            52.2034482
          ],
          [
            6.181421,
            52.203831
          ],
          [
            6.1823849,
            52.2040028
          ],
          [
            6.1842331,
            52.2044154
          ],
          [
            6.1855345,
            52.2049673
          ],
          [
            6.1872361,
            52.2060475
          ],
          [
            6.1883474,
            52.2068178
          ],
          [
            6.1893577,
            52.2077234
          ],
          [
            6.1898951,
            52.208348
          ],
          [
            6.1902222,
            52.2089795
          ],
          [
            6.190663,
            52.2099266
          ],
          [
            6.190831,
            52.2103752
          ],
          [
            6.1909141,
            52.2107057
          ],
          [
            6.1909485,
            52.2108426
          ],
          [
            6.1911568,
            52.2117063
          ],
          [
            6.1910815,
            52.2132078
          ],
          [
            6.1909078,
            52.2141258
          ],
          [
            6.1906602,
            52.2149994
          ],
          [
            6.19008,
            52.2162011
          ],
          [
            6.1897409,
            52.2167673
          ],
          [
            6.1890802,
            52.2174549
          ],
          [
            6.1882353,
            52.2181696
          ],
          [
            6.1877238,
            52.2185247
          ],
          [
            6.185449,
            52.2197895
          ],
          [
            6.1835788,
            52.2207295
          ],
          [
            6.1830926,
            52.2210655
          ],
          [
            6.1824753,
            52.2215845
          ],
          [
            6.1815816,
            52.2225445
          ],
          [
            6.1805031,
            52.2234085
          ],
          [
            6.1792612,
            52.2240466
          ],
          [
            6.177933,
            52.224472
          ],
          [
            6.1751294,
            52.2254495
          ],
          [
            6.1739241,
            52.2259878
          ],
          [
            6.1735185,
            52.2262242
          ],
          [
            6.1730652,
            52.2265031
          ],
          [
            6.1723047,
            52.2271554
          ],
          [
            6.1711491,
            52.2283862
          ],
          [
            6.1697851,
            52.2294937
          ],
          [
            6.1674051,
            52.2305564
          ],
          [
            6.1663478,
            52.2310285
          ],
          [
            6.1658285,
            52.2312608
          ],
          [
            6.1637565,
            52.2323692
          ],
          [
            6.1626037,
            52.2331726
          ],
          [
            6.1614972,
            52.2345095
          ],
          [
            6.1609024,
            52.2359428
          ],
          [
            6.1607506,
            52.2368176
          ],
          [
            6.1609748,
            52.2380531
          ],
          [
            6.1617703,
            52.2397769
          ],
          [
            6.1628773,
            52.2413185
          ],
          [
            6.1637681,
            52.2427932
          ],
          [
            6.1641073,
            52.2434382
          ],
          [
            6.1642428,
            52.2445257
          ],
          [
            6.1641632,
            52.2451806
          ],
          [
            6.163912,
            52.2457243
          ],
          [
            6.1635822,
            52.2462044
          ],
          [
            6.163071,
            52.246754
          ],
          [
            6.1624114,
            52.2473215
          ],
          [
            6.1616207,
            52.2477901
          ],
          [
            6.159932,
            52.2485693
          ],
          [
            6.158417,
            52.2490562
          ],
          [
            6.1580293,
            52.2491994
          ],
          [
            6.1545204,
            52.2500834
          ],
          [
            6.1532081,
            52.2506738
          ],
          [
            6.1524688,
            52.2511962
          ],
          [
            6.1521097,
            52.251439
          ],
          [
            6.1516379,
            52.251817
          ],
          [
            6.1504179,
            52.2527961
          ],
          [
            6.1486904,
            52.2540082
          ],
          [
            6.1472437,
            52.2547701
          ],
          [
            6.1459536,
            52.2554495
          ],
          [
            6.1435461,
            52.256552
          ],
          [
            6.1406303,
            52.2577138
          ],
          [
            6.1379764,
            52.2585922
          ],
          [
            6.135129,
            52.2594526
          ],
          [
            6.132493,
            52.260052
          ],
          [
            6.1300869,
            52.2607167
          ],
          [
            6.1277445,
            52.2615393
          ],
          [
            6.1267898,
            52.262023
          ],
          [
            6.1252848,
            52.2630174
          ],
          [
            6.1244433,
            52.2638206
          ],
          [
            6.1239844,
            52.2644587
          ],
          [
            6.123465,
            52.2655468
          ],
          [
            6.123266,
            52.267953
          ],
          [
            6.1230009,
            52.2692819
          ],
          [
            6.1227799,
            52.26976
          ],
          [
            6.1226336,
            52.2700895
          ],
          [
            6.1222368,
            52.2707584
          ],
          [
            6.1216889,
            52.2714667
          ],
          [
            6.1211134,
            52.272044
          ],
          [
            6.1182635,
            52.2740767
          ],
          [
            6.115749,
            52.2754892
          ],
          [
            6.1154958,
            52.2756314
          ],
          [
            6.1140249,
            52.2765911
          ],
          [
            6.113864,
            52.276731
          ],
          [
            6.1131822,
            52.2773235
          ],
          [
            6.1123687,
            52.2783234
          ],
          [
            6.1116914,
            52.2795097
          ],
          [
            6.1112711,
            52.280739
          ],
          [
            6.1112562,
            52.2819772
          ],
          [
            6.1116364,
            52.2852857
          ],
          [
            6.1116826,
            52.2861135
          ],
          [
            6.111619,
            52.2869273
          ],
          [
            6.1113966,
            52.2876054
          ],
          [
            6.1110993,
            52.2881923
          ],
          [
            6.1107437,
            52.2887554
          ],
          [
            6.1102533,
            52.2893186
          ],
          [
            6.1096407,
            52.2898493
          ],
          [
            6.1091921,
            52.2901953
          ],
          [
            6.1087115,
            52.2905445
          ],
          [
            6.1071037,
            52.2916449
          ],
          [
            6.1066668,
            52.2920064
          ],
          [
            6.1060961,
            52.2926414
          ],
          [
            6.1053452,
            52.2939401
          ],
          [
            6.1051067,
            52.2948133
          ],
          [
            6.1049021,
            52.2958583
          ],
          [
            6.104823,
            52.2962623
          ],
          [
            6.1047002,
            52.296698
          ],
          [
            6.1044318,
            52.2972918
          ],
          [
            6.1041468,
            52.2977902
          ],
          [
            6.1034104,
            52.2985644
          ],
          [
            6.1025134,
            52.2993595
          ],
          [
            6.1021944,
            52.2997112
          ],
          [
            6.1020486,
            52.2999505
          ],
          [
            6.1016824,
            52.3005515
          ],
          [
            6.1014954,
            52.3010354
          ],
          [
            6.101214,
            52.302105
          ],
          [
            6.1011355,
            52.3030435
          ],
          [
            6.1011258,
            52.303577
          ],
          [
            6.1012448,
            52.3044805
          ],
          [
            6.1014769,
            52.3053695
          ],
          [
            6.1017315,
            52.306051
          ],
          [
            6.1020207,
            52.3066699
          ],
          [
            6.1026539,
            52.3080078
          ],
          [
            6.1028439,
            52.3085591
          ],
          [
            6.1029888,
            52.3091973
          ],
          [
            6.1030393,
            52.3099384
          ],
          [
            6.1029544,
            52.3105403
          ],
          [
            6.102854,
            52.3108761
          ],
          [
            6.1026826,
            52.3113805
          ],
          [
            6.1021983,
            52.3123045
          ],
          [
            6.1018106,
            52.3127065
          ],
          [
            6.1007497,
            52.3135842
          ],
          [
            6.0998146,
            52.3142329
          ],
          [
            6.0986642,
            52.3149475
          ],
          [
            6.0964395,
            52.3161402
          ],
          [
            6.0950325,
            52.3172223
          ],
          [
            6.0941095,
            52.3180739
          ],
          [
            6.0927211,
            52.3200199
          ],
          [
            6.0924461,
            52.3209764
          ],
          [
            6.0924123,
            52.3213583
          ],
          [
            6.0924128,
            52.3217208
          ],
          [
            6.0924411,
            52.3221479
          ],
          [
            6.0925375,
            52.3225311
          ],
          [
            6.0931049,
            52.3236705
          ],
          [
            6.0936363,
            52.3246082
          ],
          [
            6.093981,
            52.325629
          ],
          [
            6.0941366,
            52.3266909
          ],
          [
            6.0941253,
            52.3277741
          ],
          [
            6.093882,
            52.3291299
          ],
          [
            6.0938141,
            52.3293849
          ],
          [
            6.0937351,
            52.3300462
          ],
          [
            6.0936147,
            52.3321114
          ],
          [
            6.0937523,
            52.3329699
          ],
          [
            6.0940154,
            52.3339193
          ],
          [
            6.094291,
            52.3345833
          ],
          [
            6.0945034,
            52.3349815
          ],
          [
            6.0949255,
            52.3356511
          ],
          [
            6.0951565,
            52.3360095
          ],
          [
            6.0956034,
            52.3364998
          ],
          [
            6.0961311,
            52.3370474
          ],
          [
            6.0983987,
            52.3385408
          ],
          [
            6.0995888,
            52.339201
          ],
          [
            6.1006378,
            52.339777
          ],
          [
            6.1023404,
            52.3408315
          ],
          [
            6.1026983,
            52.3410954
          ],
          [
            6.1032405,
            52.3415036
          ],
          [
            6.1039288,
            52.3422004
          ],
          [
            6.1045423,
            52.3431498
          ],
          [
            6.1045721,
            52.3435199
          ],
          [
            6.1047079,
            52.3440336
          ],
          [
            6.1047233,
            52.3443257
          ],
          [
            6.1047846,
            52.3449329
          ],
          [
            6.1047981,
            52.3452278
          ],
          [
            6.1047711,
            52.3458556
          ],
          [
            6.1041465,
            52.3469676
          ],
          [
            6.103623,
            52.3478246
          ],
          [
            6.1024838,
            52.3488385
          ],
          [
            6.1012646,
            52.3497971
          ],
          [
            6.0995404,
            52.3510287
          ],
          [
            6.0981058,
            52.3523578
          ],
          [
            6.0962587,
            52.3545877
          ],
          [
            6.0958569,
            52.3552326
          ],
          [
            6.0946503,
            52.3571637
          ],
          [
            6.0942728,
            52.3577193
          ],
          [
            6.0940417,
            52.3580793
          ],
          [
            6.0934933,
            52.3586731
          ],
          [
            6.093092,
            52.3590107
          ],
          [
            6.09249,
            52.3594619
          ],
          [
            6.0918736,
            52.3598404
          ],
          [
            6.0906838,
            52.3604452
          ],
          [
            6.0892268,
            52.3609581
          ],
          [
            6.0877651,
            52.3612696
          ],
          [
            6.0858749,
            52.3615028
          ],
          [
            6.0828182,
            52.3616799
          ],
          [
            6.082054,
            52.361794
          ],
          [
            6.0810727,
            52.3619715
          ],
          [
            6.080115,
            52.3623123
          ],
          [
            6.0791939,
            52.3626495
          ],
          [
            6.0781358,
            52.363556
          ],
          [
            6.0777444,
            52.3643739
          ],
          [
            6.0775956,
            52.3650091
          ],
          [
            6.0773859,
            52.3657833
          ],
          [
            6.0775338,
            52.3670785
          ],
          [
            6.0778179,
            52.3683468
          ],
          [
            6.078152,
            52.3690558
          ],
          [
            6.0784349,
            52.3694745
          ],
          [
            6.0788586,
            52.3699693
          ],
          [
            6.0793394,
            52.3704375
          ],
          [
            6.0805877,
            52.3712948
          ],
          [
            6.0811518,
            52.3715854
          ],
          [
            6.0824135,
            52.3720786
          ],
          [
            6.0828297,
            52.3722128
          ],
          [
            6.0841192,
            52.3725027
          ],
          [
            6.0859455,
            52.3727517
          ],
          [
            6.0881037,
            52.3729106
          ],
          [
            6.0902129,
            52.3730603
          ],
          [
            6.0933112,
            52.3734682
          ],
          [
            6.0952407,
            52.3738183
          ],
          [
            6.0986905,
            52.3745207
          ],
          [
            6.1021482,
            52.3753692
          ],
          [
            6.10519,
            52.3758943
          ],
          [
            6.1064485,
            52.3761116
          ],
          [
            6.1104411,
            52.3767155
          ],
          [
            6.1133205,
            52.3772183
          ],
          [
            6.1150255,
            52.3775727
          ],
          [
            6.1174739,
            52.3781199
          ],
          [
            6.1185056,
            52.3783884
          ],
          [
            6.1197444,
            52.3788646
          ],
          [
            6.1209214,
            52.3794683
          ],
          [
            6.1221774,
            52.3802189
          ],
          [
            6.1228786,
            52.3807017
          ],
          [
            6.1234834,
            52.3812129
          ],
          [
            6.1245353,
            52.3822013
          ],
          [
            6.1248786,
            52.3826153
          ],
          [
            6.1252421,
            52.3831029
          ],
          [
            6.1257915,
            52.384072
          ],
          [
            6.1261007,
            52.3850857
          ],
          [
            6.1261553,
            52.3855385
          ],
          [
            6.1261497,
            52.3864416
          ],
          [
            6.1260035,
            52.3873593
          ],
          [
            6.1251364,
            52.3909553
          ],
          [
            6.1250821,
            52.3919255
          ],
          [
            6.1251236,
            52.3923659
          ],
          [
            6.1251689,
            52.3926404
          ],
          [
            6.1256663,
            52.3937482
          ],
          [
            6.1261414,
            52.3944222
          ],
          [
            6.1264592,
            52.3949042
          ],
          [
            6.1268384,
            52.395352
          ],
          [
            6.1277609,
            52.3962107
          ],
          [
            6.1286928,
            52.397028
          ],
          [
            6.1296724,
            52.3979903
          ],
          [
            6.1301482,
            52.3987777
          ],
          [
            6.130451,
            52.399534
          ],
          [
            6.1305161,
            52.3997033
          ],
          [
            6.1306568,
            52.4000669
          ],
          [
            6.130828,
            52.4009265
          ],
          [
            6.131068,
            52.4025146
          ],
          [
            6.1311376,
            52.4033286
          ],
          [
            6.1312966,
            52.4041084
          ],
          [
            6.1316242,
            52.40507
          ],
          [
            6.1323028,
            52.4066273
          ],
          [
            6.1332343,
            52.4082797
          ],
          [
            6.1337689,
            52.4091786
          ],
          [
            6.1342914,
            52.410054
          ],
          [
            6.1348104,
            52.4111688
          ],
          [
            6.1350926,
            52.4120091
          ],
          [
            6.1351784,
            52.412763
          ],
          [
            6.1351141,
            52.4135451
          ],
          [
            6.1349985,
            52.4141175
          ],
          [
            6.1341014,
            52.4163769
          ],
          [
            6.1330633,
            52.4179585
          ],
          [
            6.1324417,
            52.4188831
          ],
          [
            6.1321711,
            52.419326
          ],
          [
            6.1319187,
            52.4197192
          ],
          [
            6.1309589,
            52.4213855
          ],
          [
            6.1303223,
            52.4226598
          ],
          [
            6.1301349,
            52.4230242
          ],
          [
            6.1294625,
            52.4243718
          ],
          [
            6.1283722,
            52.4256086
          ],
          [
            6.1279574,
            52.4260461
          ],
          [
            6.1269282,
            52.4269175
          ],
          [
            6.1258605,
            52.4277725
          ],
          [
            6.1247464,
            52.4286377
          ],
          [
            6.1220611,
            52.4306486
          ],
          [
            6.1209138,
            52.4316595
          ],
          [
            6.1199376,
            52.4325155
          ],
          [
            6.1193141,
            52.4330548
          ],
          [
            6.1171596,
            52.435035
          ],
          [
            6.1145356,
            52.4375674
          ],
          [
            6.113818,
            52.438152
          ],
          [
            6.1126618,
            52.4389613
          ],
          [
            6.1111543,
            52.4398175
          ],
          [
            6.1096027,
            52.4405608
          ],
          [
            6.1071428,
            52.4414744
          ],
          [
            6.1051796,
            52.4423027
          ],
          [
            6.1044147,
            52.4428626
          ],
          [
            6.1036499,
            52.4435144
          ],
          [
            6.1032109,
            52.4439844
          ],
          [
            6.102637,
            52.444646
          ],
          [
            6.1022638,
            52.445314
          ],
          [
            6.1019352,
            52.4460833
          ],
          [
            6.101814,
            52.4467664
          ],
          [
            6.1018296,
            52.4474654
          ],
          [
            6.1019739,
            52.4480909
          ],
          [
            6.1021463,
            52.4486796
          ],
          [
            6.1024879,
            52.4494159
          ],
          [
            6.103134,
            52.4508911
          ],
          [
            6.10362,
            52.4528254
          ],
          [
            6.1037287,
            52.4540809
          ],
          [
            6.1037066,
            52.4553111
          ],
          [
            6.1035343,
            52.4565041
          ],
          [
            6.1030738,
            52.4581734
          ],
          [
            6.1026608,
            52.4591668
          ],
          [
            6.1021012,
            52.4605916
          ],
          [
            6.1019574,
            52.4613952
          ],
          [
            6.1018294,
            52.4623516
          ],
          [
            6.1018985,
            52.4653581
          ],
          [
            6.101819,
            52.4665026
          ],
          [
            6.1017131,
            52.4669254
          ],
          [
            6.1013782,
            52.4676961
          ],
          [
            6.1009544,
            52.4683607
          ],
          [
            6.1004369,
            52.4690667
          ],
          [
            6.0999519,
            52.4696739
          ],
          [
            6.09902,
            52.470639
          ],
          [
            6.098396,
            52.471191
          ],
          [
            6.0955465,
            52.4733831
          ],
          [
            6.0939637,
            52.4744984
          ],
          [
            6.0896245,
            52.4767528
          ],
          [
            6.0875914,
            52.4775647
          ],
          [
            6.0845122,
            52.4784729
          ],
          [
            6.080667,
            52.479244
          ],
          [
            6.0776963,
            52.4799034
          ],
          [
            6.0757153,
            52.480325
          ],
          [
            6.0739011,
            52.480901
          ],
          [
            6.0713917,
            52.4820009
          ],
          [
            6.069941,
            52.4827451
          ],
          [
            6.068332,
            52.4836932
          ],
          [
            6.0666238,
            52.484822
          ],
          [
            6.065472,
            52.4857919
          ],
          [
            6.0641592,
            52.4872547
          ],
          [
            6.0635805,
            52.4879231
          ],
          [
            6.062744,
            52.4890603
          ],
          [
            6.0620762,
            52.4899732
          ],
          [
            6.0611691,
            52.4913955
          ],
          [
            6.0610203,
            52.4916985
          ],
          [
            6.0598893,
            52.4940017
          ],
          [
            6.058608,
            52.4959233
          ],
          [
            6.0577761,
            52.4969841
          ],
          [
            6.057539,
            52.4972865
          ],
          [
            6.0566271,
            52.4983608
          ],
          [
            6.0562504,
            52.4987066
          ],
          [
            6.0550268,
            52.499568
          ],
          [
            6.0543749,
            52.4999523
          ],
          [
            6.0491435,
            52.5024092
          ],
          [
            6.0462355,
            52.5037864
          ],
          [
            6.0431924,
            52.5051871
          ],
          [
            6.0381202,
            52.5070895
          ],
          [
            6.0299319,
            52.5091729
          ],
          [
            6.0278557,
            52.5096409
          ],
          [
            6.0275764,
            52.5097039
          ],
          [
            6.0234189,
            52.5113015
          ],
          [
            6.0210599,
            52.5124395
          ],
          [
            6.0192516,
            52.5133902
          ],
          [
            6.0176977,
            52.5144606
          ],
          [
            6.0162144,
            52.515684
          ],
          [
            6.0151413,
            52.5169993
          ],
          [
            6.0146053,
            52.5180892
          ],
          [
            6.0144536,
            52.5192715
          ],
          [
            6.0144696,
            52.5202335
          ],
          [
            6.0146107,
            52.5210125
          ],
          [
            6.0150639,
            52.5224415
          ],
          [
            6.0153108,
            52.52297
          ],
          [
            6.0163112,
            52.5241983
          ],
          [
            6.0174552,
            52.5251554
          ],
          [
            6.0188336,
            52.5261166
          ],
          [
            6.0196228,
            52.5267164
          ],
          [
            6.0201145,
            52.5273263
          ],
          [
            6.0202986,
            52.5279748
          ],
          [
            6.0203386,
            52.5285461
          ],
          [
            6.0202618,
            52.5292117
          ],
          [
            6.0198796,
            52.5298911
          ],
          [
            6.0194353,
            52.5303794
          ],
          [
            6.0185281,
            52.5309715
          ],
          [
            6.0178286,
            52.5313712
          ],
          [
            6.0166546,
            52.5317684
          ],
          [
            6.0160756,
            52.5319096
          ],
          [
            6.0153118,
            52.5320036
          ],
          [
            6.0134675,
            52.5321983
          ],
          [
            6.0101159,
            52.5322554
          ],
          [
            6.0077328,
            52.5321523
          ],
          [
            6.005428,
            52.5319061
          ],
          [
            6.001998,
            52.5313352
          ],
          [
            5.9996289,
            52.5306283
          ],
          [
            5.9964185,
            52.5291689
          ],
          [
            5.9924905,
            52.5266755
          ],
          [
            5.9907617,
            52.5255226
          ],
          [
            5.988174,
            52.523811
          ],
          [
            5.9864272,
            52.5230682
          ],
          [
            5.9830798,
            52.5222587
          ],
          [
            5.9805798,
            52.5217488
          ],
          [
            5.9785908,
            52.521047
          ],
          [
            5.9768995,
            52.5200824
          ],
          [
            5.9753159,
            52.5188431
          ],
          [
            5.9738134,
            52.5177391
          ],
          [
            5.9717995,
            52.5167263
          ],
          [
            5.9695711,
            52.516233
          ],
          [
            5.9681926,
            52.5161064
          ],
          [
            5.9668123,
            52.5161255
          ],
          [
            5.9651893,
            52.5163544
          ],
          [
            5.9634315,
            52.5168089
          ],
          [
            5.9613697,
            52.517979
          ],
          [
            5.9597488,
            52.5193666
          ],
          [
            5.9588579,
            52.5204007
          ],
          [
            5.9582684,
            52.5213683
          ],
          [
            5.9578321,
            52.5225117
          ],
          [
            5.9576036,
            52.523517
          ],
          [
            5.9580485,
            52.5262874
          ],
          [
            5.958064,
            52.5269582
          ],
          [
            5.9581038,
            52.5286865
          ],
          [
            5.9575954,
            52.5305703
          ],
          [
            5.957162,
            52.5314798
          ],
          [
            5.9568134,
            52.5323176
          ],
          [
            5.9562701,
            52.5331163
          ],
          [
            5.9555986,
            52.5339379
          ],
          [
            5.9545375,
            52.5347711
          ],
          [
            5.95255,
            52.5360309
          ],
          [
            5.9502441,
            52.5370164
          ],
          [
            5.9425858,
            52.5392164
          ],
          [
            5.9359177,
            52.5402091
          ],
          [
            5.9337431,
            52.5410828
          ],
          [
            5.9322084,
            52.5420013
          ],
          [
            5.9311915,
            52.5427201
          ],
          [
            5.9303586,
            52.5435152
          ],
          [
            5.9296937,
            52.544363
          ],
          [
            5.9292046,
            52.5452539
          ],
          [
            5.9283982,
            52.5473564
          ],
          [
            5.9271809,
            52.5509546
          ],
          [
            5.9264489,
            52.5525375
          ],
          [
            5.9255984,
            52.5540119
          ],
          [
            5.9238812,
            52.5559112
          ],
          [
            5.9204877,
            52.5585659
          ]
        ]
      },
      "id": "way/197667813"
    },
    {
      "type": "Feature",
      "properties": {
        "@id": "way/206515730",
        "CEMT": "II",
        "name": "Oude IJssel",
        "waterway": "river"
      },
      "geometry": {
        "type": "LineString",
        "coordinates": [
          [
            6.1288499,
            52.0098417
          ],
          [
            6.1289243,
            52.010437
          ],
          [
            6.1287982,
            52.0121406
          ]
        ]
      },
      "id": "way/206515730"
    },
    {
      "type": "Feature",
      "properties": {
        "@id": "way/208688822",
        "CEMT": "II",
        "name": "Oude IJssel",
        "name:de": "Alte Issel",
        "name:nl": "Oude IJssel",
        "waterway": "river",
        "wikidata": "Q181067"
      },
      "geometry": {
        "type": "LineString",
        "coordinates": [
          [
            6.3141732,
            51.9361691
          ],
          [
            6.3137004,
            51.9361433
          ],
          [
            6.3112132,
            51.9359201
          ],
          [
            6.309639,
            51.9359557
          ],
          [
            6.3070732,
            51.9362533
          ],
          [
            6.305532,
            51.9365758
          ],
          [
            6.3053573,
            51.9366124
          ],
          [
            6.3024084,
            51.9374632
          ],
          [
            6.3012776,
            51.9379155
          ],
          [
            6.2988089,
            51.9389028
          ],
          [
            6.2976702,
            51.939925
          ],
          [
            6.296243,
            51.9409828
          ],
          [
            6.2951621,
            51.9417073
          ],
          [
            6.2941494,
            51.9429074
          ],
          [
            6.29356,
            51.9441885
          ],
          [
            6.293441,
            51.9444179
          ],
          [
            6.2928743,
            51.9454756
          ],
          [
            6.2917724,
            51.9466691
          ],
          [
            6.2902245,
            51.9479272
          ],
          [
            6.2881308,
            51.9496543
          ],
          [
            6.2872336,
            51.9507765
          ],
          [
            6.2869948,
            51.9515858
          ],
          [
            6.2869497,
            51.9520865
          ],
          [
            6.28737,
            51.9543661
          ],
          [
            6.2872755,
            51.9556467
          ],
          [
            6.2870632,
            51.9564734
          ],
          [
            6.2871622,
            51.9580183
          ],
          [
            6.2872802,
            51.958659
          ],
          [
            6.2872843,
            51.9587472
          ],
          [
            6.2875904,
            51.9604452
          ],
          [
            6.2877792,
            51.9612882
          ],
          [
            6.2877755,
            51.9621713
          ],
          [
            6.2876087,
            51.9626341
          ],
          [
            6.2873507,
            51.962997
          ],
          [
            6.2867157,
            51.9635898
          ],
          [
            6.2858658,
            51.9642268
          ],
          [
            6.2841465,
            51.9652842
          ],
          [
            6.2823826,
            51.9661521
          ],
          [
            6.281734,
            51.9663401
          ],
          [
            6.2803388,
            51.9665138
          ],
          [
            6.2789289,
            51.9665804
          ],
          [
            6.2775997,
            51.9666431
          ],
          [
            6.2760185,
            51.9667667
          ],
          [
            6.2744778,
            51.9670031
          ],
          [
            6.2742811,
            51.9670333
          ],
          [
            6.2721652,
            51.9674991
          ],
          [
            6.2715749,
            51.9676291
          ],
          [
            6.2700386,
            51.9679888
          ],
          [
            6.2688474,
            51.9684277
          ],
          [
            6.2676616,
            51.9691389
          ],
          [
            6.2662134,
            51.9702832
          ],
          [
            6.2644555,
            51.9710138
          ],
          [
            6.2615958,
            51.9718478
          ],
          [
            6.261325,
            51.9719777
          ],
          [
            6.2601266,
            51.9725525
          ],
          [
            6.2583636,
            51.9734479
          ],
          [
            6.2560261,
            51.9740284
          ],
          [
            6.2544857,
            51.9741322
          ],
          [
            6.2526348,
            51.974257
          ],
          [
            6.2513882,
            51.974465
          ],
          [
            6.2505211,
            51.9747212
          ],
          [
            6.2469061,
            51.9763551
          ],
          [
            6.2445686,
            51.9776624
          ],
          [
            6.2426096,
            51.979797
          ],
          [
            6.2408657,
            51.9807248
          ],
          [
            6.2383204,
            51.9814789
          ],
          [
            6.2370997,
            51.9821028
          ],
          [
            6.2360361,
            51.9829668
          ],
          [
            6.2355303,
            51.9837276
          ],
          [
            6.2350331,
            51.9848107
          ],
          [
            6.2344469,
            51.9864422
          ],
          [
            6.2342641,
            51.9866429
          ],
          [
            6.2331779,
            51.987836
          ],
          [
            6.231768,
            51.9889191
          ],
          [
            6.2293192,
            51.990651
          ],
          [
            6.2273802,
            51.9917023
          ],
          [
            6.2251869,
            51.992565
          ],
          [
            6.2232877,
            51.993075
          ],
          [
            6.2192891,
            51.9942742
          ],
          [
            6.2163187,
            51.9953906
          ],
          [
            6.2126356,
            51.9967749
          ],
          [
            6.2099386,
            51.9975115
          ],
          [
            6.2069477,
            51.9978475
          ],
          [
            6.2011443,
            51.9984742
          ],
          [
            6.1988798,
            51.9985045
          ],
          [
            6.1967892,
            51.9983837
          ],
          [
            6.1941574,
            51.9983081
          ],
          [
            6.1932998,
            51.9983724
          ],
          [
            6.1886455,
            51.9988619
          ],
          [
            6.1826952,
            51.9989911
          ],
          [
            6.1767764,
            51.9986034
          ],
          [
            6.1735441,
            51.9988425
          ],
          [
            6.1704588,
            51.9997147
          ],
          [
            6.1670901,
            52.0001024
          ],
          [
            6.159807,
            52.0001282
          ],
          [
            6.1564803,
            52.0005547
          ],
          [
            6.1533418,
            52.0012216
          ],
          [
            6.1495593,
            52.0024331
          ],
          [
            6.1428901,
            52.0046248
          ],
          [
            6.1414221,
            52.0050772
          ],
          [
            6.1357486,
            52.0068257
          ]
        ]
      },
      "id": "way/208688822"
    },
    {
      "type": "Feature",
      "properties": {
        "@id": "way/208689376",
        "CEMT": "0",
        "name": "Oude IJssel",
        "name:de": "Alte Issel",
        "name:nl": "Oude IJssel",
        "waterway": "river",
        "wikidata": "Q181067"
      },
      "geometry": {
        "type": "LineString",
        "coordinates": [
          [
            6.3880393,
            51.8874778
          ],
          [
            6.3879654,
            51.8876955
          ],
          [
            6.3876384,
            51.8886594
          ],
          [
            6.3872659,
            51.8892423
          ],
          [
            6.3867831,
            51.8898414
          ],
          [
            6.3865837,
            51.8901394
          ],
          [
            6.386509,
            51.8902906
          ],
          [
            6.3862689,
            51.890855
          ],
          [
            6.3854241,
            51.8926491
          ],
          [
            6.3852612,
            51.8940881
          ],
          [
            6.3852552,
            51.8941434
          ],
          [
            6.3852471,
            51.8942655
          ],
          [
            6.3851985,
            51.8949942
          ],
          [
            6.3851133,
            51.8954451
          ],
          [
            6.3849969,
            51.8956729
          ],
          [
            6.3847996,
            51.895958
          ],
          [
            6.3844901,
            51.8962919
          ],
          [
            6.3842295,
            51.8964798
          ],
          [
            6.3837345,
            51.896755
          ],
          [
            6.3819347,
            51.8975741
          ],
          [
            6.3811844,
            51.8982055
          ],
          [
            6.3797519,
            51.8997402
          ],
          [
            6.3787444,
            51.9002906
          ],
          [
            6.3781832,
            51.9006501
          ],
          [
            6.375982,
            51.9020602
          ],
          [
            6.3753233,
            51.9025343
          ],
          [
            6.3742528,
            51.9030167
          ],
          [
            6.3722169,
            51.9035444
          ],
          [
            6.3698295,
            51.9041983
          ],
          [
            6.3684075,
            51.9048393
          ],
          [
            6.3670582,
            51.9057006
          ],
          [
            6.3666654,
            51.9060048
          ],
          [
            6.3654796,
            51.9074486
          ],
          [
            6.3646553,
            51.9080467
          ],
          [
            6.3638424,
            51.9084909
          ],
          [
            6.3613972,
            51.9092808
          ],
          [
            6.3589258,
            51.9107795
          ],
          [
            6.3573359,
            51.9113524
          ],
          [
            6.3559402,
            51.9116664
          ],
          [
            6.3542978,
            51.9123073
          ],
          [
            6.3524246,
            51.913369
          ],
          [
            6.3510131,
            51.9146669
          ],
          [
            6.3489254,
            51.9170168
          ],
          [
            6.3482321,
            51.9178225
          ],
          [
            6.3443387,
            51.9197449
          ],
          [
            6.3436153,
            51.9202053
          ],
          [
            6.3428537,
            51.9206899
          ],
          [
            6.3411589,
            51.9216931
          ],
          [
            6.3396214,
            51.9222756
          ],
          [
            6.3366725,
            51.922884
          ],
          [
            6.3355706,
            51.9233241
          ],
          [
            6.334411,
            51.9240392
          ],
          [
            6.3316247,
            51.926204
          ],
          [
            6.3300679,
            51.9274291
          ],
          [
            6.3291998,
            51.9280232
          ],
          [
            6.3275943,
            51.9288563
          ],
          [
            6.3269294,
            51.9293505
          ],
          [
            6.3268471,
            51.929431
          ],
          [
            6.3267356,
            51.9295401
          ],
          [
            6.3258109,
            51.9306595
          ],
          [
            6.3244308,
            51.932261
          ],
          [
            6.323119,
            51.9333546
          ],
          [
            6.3218934,
            51.9339407
          ],
          [
            6.3211225,
            51.9342798
          ]
        ]
      },
      "id": "way/208689376"
    },
    {
      "type": "Feature",
      "properties": {
        "@id": "way/208702522",
        "name": "Oude IJssel",
        "name:de": "Alte Issel",
        "name:nl": "Oude IJssel",
        "waterway": "river",
        "wikidata": "Q181067"
      },
      "geometry": {
        "type": "LineString",
        "coordinates": [
          [
            6.3879851,
            51.8845904
          ],
          [
            6.3873999,
            51.8849923
          ],
          [
            6.387274,
            51.8855105
          ],
          [
            6.3875416,
            51.8859931
          ],
          [
            6.3879929,
            51.8864044
          ],
          [
            6.388208,
            51.8868351
          ],
          [
            6.3881372,
            51.8871272
          ]
        ]
      },
      "id": "way/208702522"
    },
    {
      "type": "Feature",
      "properties": {
        "@id": "way/209193918",
        "alt_name": "Untere Issel",
        "name": "Oude IJssel",
        "name:de": "Issel",
        "waterway": "river"
      },
      "geometry": {
        "type": "LineString",
        "coordinates": [
          [
            6.3905414,
            51.8740036
          ],
          [
            6.3904707,
            51.8740822
          ],
          [
            6.3903791,
            51.8741841
          ],
          [
            6.3902263,
            51.8742811
          ],
          [
            6.3898483,
            51.87444
          ],
          [
            6.3895683,
            51.8746375
          ],
          [
            6.3894027,
            51.8748632
          ],
          [
            6.3891741,
            51.8755228
          ],
          [
            6.3890656,
            51.8761365
          ],
          [
            6.3890713,
            51.8764539
          ],
          [
            6.3891913,
            51.8767043
          ],
          [
            6.3894769,
            51.8769124
          ],
          [
            6.3897054,
            51.8770253
          ],
          [
            6.3899054,
            51.8771804
          ],
          [
            6.3899854,
            51.8773462
          ],
          [
            6.3901339,
            51.8778576
          ],
          [
            6.3902767,
            51.8782032
          ],
          [
            6.3902882,
            51.8783831
          ],
          [
            6.3902082,
            51.8785136
          ],
          [
            6.3899854,
            51.8787357
          ],
          [
            6.3898483,
            51.8788839
          ],
          [
            6.3898654,
            51.8791413
          ],
          [
            6.3898768,
            51.879427
          ],
          [
            6.3899397,
            51.8799137
          ],
          [
            6.3898768,
            51.8799948
          ],
          [
            6.3896369,
            51.8801358
          ],
          [
            6.3888599,
            51.8805167
          ],
          [
            6.3886714,
            51.8806331
          ],
          [
            6.3884829,
            51.8808694
          ],
          [
            6.3881115,
            51.8814019
          ],
          [
            6.3878716,
            51.8817686
          ],
          [
            6.3878088,
            51.8820084
          ],
          [
            6.3877802,
            51.8823117
          ],
          [
            6.3877002,
            51.8825656
          ],
          [
            6.3875403,
            51.8827807
          ],
          [
            6.3874965,
            51.8828835
          ],
          [
            6.3874888,
            51.8829853
          ],
          [
            6.3875345,
            51.8831722
          ],
          [
            6.3878145,
            51.8836835
          ],
          [
            6.388003,
            51.8840784
          ],
          [
            6.3880601,
            51.8843112
          ],
          [
            6.3879851,
            51.8845904
          ]
        ]
      },
      "id": "way/209193918"
    },
    {
      "type": "Feature",
      "properties": {
        "@id": "way/257732661"
      },
      "geometry": {
        "type": "LineString",
        "coordinates": [
          [
            5.952024,
            51.951351
          ],
          [
            5.951885,
            51.951477
          ],
          [
            5.951682,
            51.951668
          ],
          [
            5.95148,
            51.951859
          ],
          [
            5.951282,
            51.952049
          ],
          [
            5.951092,
            51.95224
          ],
          [
            5.950906,
            51.952438
          ],
          [
            5.950905,
            51.952438
          ],
          [
            5.950902,
            51.952442
          ],
          [
            5.950729,
            51.952641
          ],
          [
            5.950722,
            51.952648
          ],
          [
            5.950428,
            51.953018
          ],
          [
            5.950422,
            51.953026
          ],
          [
            5.950276,
            51.953239
          ],
          [
            5.950185,
            51.953384
          ],
          [
            5.95014,
            51.953453
          ],
          [
            5.950016,
            51.953663
          ],
          [
            5.949897,
            51.953884
          ],
          [
            5.949788,
            51.954102
          ],
          [
            5.949687,
            51.954323
          ],
          [
            5.949594,
            51.954544
          ],
          [
            5.949508,
            51.954765
          ],
          [
            5.949428,
            51.954987
          ],
          [
            5.949329,
            51.955288
          ],
          [
            5.949265,
            51.955509
          ],
          [
            5.949205,
            51.955738
          ],
          [
            5.949155,
            51.955963
          ],
          [
            5.949111,
            51.956192
          ],
          [
            5.949074,
            51.956417
          ],
          [
            5.949063,
            51.956509
          ],
          [
            5.949045,
            51.956646
          ],
          [
            5.949023,
            51.956871
          ],
          [
            5.949007,
            51.9571
          ],
          [
            5.948997,
            51.957329
          ],
          [
            5.948995,
            51.957558
          ],
          [
            5.948998,
            51.957787
          ],
          [
            5.949009,
            51.958042
          ],
          [
            5.949026,
            51.958271
          ],
          [
            5.94905,
            51.958496
          ],
          [
            5.949081,
            51.958725
          ],
          [
            5.949119,
            51.95895
          ],
          [
            5.949163,
            51.959175
          ],
          [
            5.949213,
            51.9594
          ],
          [
            5.949269,
            51.959625
          ],
          [
            5.949331,
            51.95985
          ],
          [
            5.949377,
            51.960003
          ],
          [
            5.949399,
            51.960072
          ],
          [
            5.949472,
            51.960297
          ],
          [
            5.949564,
            51.96056
          ],
          [
            5.949648,
            51.960781
          ],
          [
            5.949738,
            51.961002
          ],
          [
            5.949833,
            51.96122
          ],
          [
            5.949934,
            51.961441
          ],
          [
            5.950039,
            51.961655
          ],
          [
            5.950152,
            51.961876
          ],
          [
            5.950271,
            51.96209
          ],
          [
            5.950406,
            51.962326
          ],
          [
            5.950534,
            51.962536
          ],
          [
            5.950671,
            51.962749
          ],
          [
            5.950812,
            51.962963
          ],
          [
            5.950959,
            51.963169
          ],
          [
            5.95111,
            51.963379
          ],
          [
            5.951268,
            51.963585
          ],
          [
            5.951366,
            51.963707
          ],
          [
            5.951431,
            51.963787
          ],
          [
            5.951604,
            51.963997
          ],
          [
            5.951779,
            51.964195
          ],
          [
            5.951961,
            51.964394
          ],
          [
            5.952147,
            51.964592
          ],
          [
            5.952339,
            51.964787
          ],
          [
            5.952536,
            51.964977
          ],
          [
            5.952737,
            51.965168
          ],
          [
            5.952942,
            51.965355
          ],
          [
            5.953148,
            51.965542
          ],
          [
            5.953355,
            51.965721
          ],
          [
            5.953517,
            51.965858
          ],
          [
            5.953735,
            51.966042
          ],
          [
            5.953958,
            51.966225
          ],
          [
            5.954184,
            51.966404
          ],
          [
            5.954413,
            51.966579
          ],
          [
            5.954646,
            51.966755
          ],
          [
            5.954882,
            51.96693
          ],
          [
            5.955121,
            51.967102
          ],
          [
            5.955362,
            51.96727
          ],
          [
            5.955706,
            51.96751
          ],
          [
            5.955953,
            51.967674
          ],
          [
            5.956169,
            51.967819
          ],
          [
            5.956201,
            51.967842
          ],
          [
            5.956452,
            51.968006
          ],
          [
            5.956704,
            51.96817
          ],
          [
            5.956707,
            51.96817
          ],
          [
            5.956961,
            51.96833
          ],
          [
            5.957224,
            51.968494
          ],
          [
            5.957489,
            51.968651
          ],
          [
            5.957757,
            51.968807
          ],
          [
            5.958169,
            51.969036
          ],
          [
            5.958449,
            51.969189
          ],
          [
            5.958451,
            51.969189
          ],
          [
            5.958731,
            51.969337
          ],
          [
            5.958753,
            51.969345
          ],
          [
            5.958997,
            51.969471
          ],
          [
            5.959015,
            51.969482
          ],
          [
            5.959195,
            51.96957
          ],
          [
            5.959206,
            51.969574
          ],
          [
            5.959215,
            51.969582
          ],
          [
            5.959276,
            51.969612
          ],
          [
            5.959301,
            51.969624
          ],
          [
            5.959359,
            51.96965
          ],
          [
            5.959365,
            51.969654
          ],
          [
            5.959592,
            51.969765
          ]
        ]
      },
      "id": "way/257732661"
    },
    {
      "type": "Feature",
      "properties": {
        "@id": "way/257735462"
      },
      "geometry": {
        "type": "LineString",
        "coordinates": [
          [
            5.959945,
            51.969479
          ],
          [
            5.960231,
            51.969612
          ],
          [
            5.960521,
            51.969742
          ],
          [
            5.960814,
            51.969868
          ],
          [
            5.961178,
            51.97002
          ],
          [
            5.961479,
            51.970142
          ],
          [
            5.961783,
            51.970261
          ],
          [
            5.962045,
            51.970356
          ],
          [
            5.962091,
            51.970375
          ],
          [
            5.962401,
            51.970486
          ],
          [
            5.962714,
            51.970592
          ],
          [
            5.96303,
            51.970699
          ],
          [
            5.963348,
            51.970798
          ],
          [
            5.963943,
            51.970974
          ],
          [
            5.964269,
            51.971066
          ],
          [
            5.964599,
            51.971149
          ],
          [
            5.964931,
            51.971233
          ],
          [
            5.965267,
            51.971313
          ],
          [
            5.965605,
            51.971386
          ],
          [
            5.965944,
            51.971458
          ],
          [
            5.966287,
            51.971527
          ],
          [
            5.96659,
            51.971584
          ],
          [
            5.966646,
            51.971596
          ],
          [
            5.96699,
            51.971661
          ],
          [
            5.967337,
            51.971718
          ],
          [
            5.967685,
            51.971771
          ],
          [
            5.968034,
            51.971825
          ],
          [
            5.968385,
            51.971874
          ],
          [
            5.968737,
            51.971916
          ],
          [
            5.96909,
            51.971962
          ],
          [
            5.969444,
            51.972
          ],
          [
            5.969935,
            51.97205
          ],
          [
            5.970287,
            51.97208
          ],
          [
            5.970642,
            51.972103
          ],
          [
            5.971,
            51.972122
          ],
          [
            5.971362,
            51.972141
          ],
          [
            5.971726,
            51.97216
          ],
          [
            5.972093,
            51.972183
          ],
          [
            5.972557,
            51.972225
          ],
          [
            5.972925,
            51.972263
          ],
          [
            5.973287,
            51.972305
          ],
          [
            5.97334,
            51.972313
          ],
          [
            5.973652,
            51.972355
          ],
          [
            5.974007,
            51.972404
          ],
          [
            5.974365,
            51.972458
          ],
          [
            5.974986,
            51.972561
          ],
          [
            5.974996,
            51.972561
          ],
          [
            5.975343,
            51.97263
          ],
          [
            5.975354,
            51.972633
          ],
          [
            5.975696,
            51.972706
          ],
          [
            5.976047,
            51.97279
          ],
          [
            5.976385,
            51.972874
          ],
          [
            5.976722,
            51.972958
          ],
          [
            5.977057,
            51.973045
          ],
          [
            5.977389,
            51.973125
          ],
          [
            5.977995,
            51.973259
          ],
          [
            5.978336,
            51.973324
          ],
          [
            5.978668,
            51.973389
          ],
          [
            5.978682,
            51.973389
          ],
          [
            5.979028,
            51.973454
          ],
          [
            5.979373,
            51.973515
          ],
          [
            5.97972,
            51.973572
          ],
          [
            5.980065,
            51.973625
          ],
          [
            5.980591,
            51.973698
          ],
          [
            5.980941,
            51.973736
          ],
          [
            5.981293,
            51.97377
          ],
          [
            5.981648,
            51.973797
          ],
          [
            5.982004,
            51.973824
          ],
          [
            5.982362,
            51.973843
          ],
          [
            5.982722,
            51.973862
          ],
          [
            5.982769,
            51.973866
          ],
          [
            5.983082,
            51.973881
          ],
          [
            5.983449,
            51.973896
          ],
          [
            5.983806,
            51.973904
          ],
          [
            5.984164,
            51.973911
          ],
          [
            5.984524,
            51.973911
          ],
          [
            5.984888,
            51.973915
          ],
          [
            5.985252,
            51.973915
          ],
          [
            5.985618,
            51.973919
          ],
          [
            5.986011,
            51.973927
          ],
          [
            5.986377,
            51.973938
          ],
          [
            5.986741,
            51.973949
          ],
          [
            5.987106,
            51.973961
          ],
          [
            5.987473,
            51.973972
          ],
          [
            5.987841,
            51.973991
          ],
          [
            5.987853,
            51.973991
          ],
          [
            5.988556,
            51.974049
          ],
          [
            5.988571,
            51.974049
          ],
          [
            5.988643,
            51.97406
          ],
          [
            5.988937,
            51.974091
          ],
          [
            5.9893,
            51.974136
          ],
          [
            5.98966,
            51.97419
          ],
          [
            5.989763,
            51.974205
          ],
          [
            5.989916,
            51.974232
          ],
          [
            5.989972,
            51.974239
          ],
          [
            5.990013,
            51.974247
          ],
          [
            5.990369,
            51.974308
          ],
          [
            5.990517,
            51.974339
          ],
          [
            5.990723,
            51.974377
          ],
          [
            5.991233,
            51.974483
          ],
          [
            5.991463,
            51.974533
          ],
          [
            5.99159,
            51.974564
          ],
          [
            5.991928,
            51.974648
          ],
          [
            5.992269,
            51.974735
          ],
          [
            5.992606,
            51.974827
          ],
          [
            5.99294,
            51.974922
          ],
          [
            5.993272,
            51.975021
          ],
          [
            5.993604,
            51.975121
          ],
          [
            5.993932,
            51.975224
          ],
          [
            5.993977,
            51.975235
          ],
          [
            5.994259,
            51.975327
          ],
          [
            5.994584,
            51.975433
          ],
          [
            5.994906,
            51.97554
          ],
          [
            5.995227,
            51.975651
          ],
          [
            5.995674,
            51.975807
          ],
          [
            5.995991,
            51.975922
          ],
          [
            5.996305,
            51.976036
          ],
          [
            5.99662,
            51.976154
          ],
          [
            5.996937,
            51.976276
          ],
          [
            5.997347,
            51.976448
          ],
          [
            5.99765,
            51.976582
          ],
          [
            5.997947,
            51.976719
          ],
          [
            5.998239,
            51.976856
          ],
          [
            5.998526,
            51.977001
          ],
          [
            5.998532,
            51.977005
          ],
          [
            5.998888,
            51.977196
          ],
          [
            5.99894,
            51.977226
          ],
          [
            5.999158,
            51.977348
          ],
          [
            5.999433,
            51.977505
          ],
          [
            5.999691,
            51.977665
          ],
          [
            5.999703,
            51.977673
          ],
          [
            6.000143,
            51.977982
          ],
          [
            6.000154,
            51.977989
          ],
          [
            6.000158,
            51.977993
          ],
          [
            6.000374,
            51.978176
          ],
          [
            6.000381,
            51.97818
          ],
          [
            6.000584,
            51.978371
          ],
          [
            6.00059,
            51.978374
          ],
          [
            6.000843,
            51.97863
          ],
          [
            6.000848,
            51.978638
          ],
          [
            6.001026,
            51.978832
          ],
          [
            6.001031,
            51.97884
          ],
          [
            6.001197,
            51.979038
          ],
          [
            6.001357,
            51.979244
          ],
          [
            6.00151,
            51.979454
          ],
          [
            6.001665,
            51.979668
          ],
          [
            6.002229,
            51.980499
          ],
          [
            6.002257,
            51.980545
          ],
          [
            6.002365,
            51.980709
          ],
          [
            6.002497,
            51.980923
          ],
          [
            6.002627,
            51.981133
          ],
          [
            6.00287,
            51.981537
          ],
          [
            6.002995,
            51.98175
          ],
          [
            6.003118,
            51.981964
          ],
          [
            6.003238,
            51.982174
          ],
          [
            6.003357,
            51.982388
          ],
          [
            6.003521,
            51.982689
          ],
          [
            6.003636,
            51.982903
          ],
          [
            6.003751,
            51.983116
          ],
          [
            6.003863,
            51.98333
          ],
          [
            6.004004,
            51.983608
          ],
          [
            6.004111,
            51.983826
          ],
          [
            6.004215,
            51.984043
          ],
          [
            6.004316,
            51.984261
          ],
          [
            6.004486,
            51.984638
          ],
          [
            6.00458,
            51.984859
          ],
          [
            6.004671,
            51.985077
          ],
          [
            6.004683,
            51.985107
          ],
          [
            6.004813,
            51.985432
          ],
          [
            6.004901,
            51.985653
          ],
          [
            6.004989,
            51.98587
          ],
          [
            6.005075,
            51.986095
          ],
          [
            6.005175,
            51.986397
          ],
          [
            6.005177,
            51.986404
          ],
          [
            6.005234,
            51.986626
          ],
          [
            6.00528,
            51.986855
          ],
          [
            6.005321,
            51.98708
          ],
          [
            6.005374,
            51.98735
          ],
          [
            6.005411,
            51.987518
          ],
          [
            6.005422,
            51.987572
          ],
          [
            6.00547,
            51.987793
          ],
          [
            6.005567,
            51.98819
          ],
          [
            6.005629,
            51.988407
          ],
          [
            6.005696,
            51.988628
          ],
          [
            6.005768,
            51.988846
          ],
          [
            6.005844,
            51.989063
          ],
          [
            6.005921,
            51.989285
          ],
          [
            6.00603,
            51.98959
          ],
          [
            6.006104,
            51.989815
          ],
          [
            6.006176,
            51.990036
          ],
          [
            6.006249,
            51.99025
          ],
          [
            6.0064,
            51.990612
          ],
          [
            6.006507,
            51.990818
          ],
          [
            6.006587,
            51.990952
          ],
          [
            6.006628,
            51.991024
          ],
          [
            6.006757,
            51.991226
          ],
          [
            6.006996,
            51.99157
          ],
          [
            6.007147,
            51.991768
          ],
          [
            6.007308,
            51.991966
          ],
          [
            6.007476,
            51.992157
          ],
          [
            6.007725,
            51.992428
          ],
          [
            6.007911,
            51.992615
          ],
          [
            6.008105,
            51.992798
          ],
          [
            6.008488,
            51.993137
          ],
          [
            6.0087,
            51.993313
          ],
          [
            6.008918,
            51.993488
          ],
          [
            6.009369,
            51.993824
          ],
          [
            6.009606,
            51.993984
          ],
          [
            6.009722,
            51.994061
          ],
          [
            6.009852,
            51.994144
          ],
          [
            6.010106,
            51.994301
          ],
          [
            6.010366,
            51.994453
          ],
          [
            6.010395,
            51.994469
          ],
          [
            6.010631,
            51.994606
          ],
          [
            6.011107,
            51.994877
          ],
          [
            6.011346,
            51.995014
          ],
          [
            6.011639,
            51.995186
          ],
          [
            6.011904,
            51.995335
          ],
          [
            6.012172,
            51.995483
          ],
          [
            6.012441,
            51.995625
          ],
          [
            6.012863,
            51.995831
          ],
          [
            6.01315,
            51.99596
          ],
          [
            6.013442,
            51.99609
          ],
          [
            6.013737,
            51.996212
          ],
          [
            6.014032,
            51.996326
          ],
          [
            6.014612,
            51.996521
          ],
          [
            6.014772,
            51.996567
          ],
          [
            6.014928,
            51.996609
          ],
          [
            6.015254,
            51.996693
          ],
          [
            6.015586,
            51.996765
          ],
          [
            6.015919,
            51.99683
          ],
          [
            6.016603,
            51.996933
          ],
          [
            6.016947,
            51.996971
          ],
          [
            6.017295,
            51.997002
          ],
          [
            6.017646,
            51.997021
          ],
          [
            6.017995,
            51.997032
          ],
          [
            6.018628,
            51.997032
          ],
          [
            6.018976,
            51.997017
          ],
          [
            6.019325,
            51.996994
          ],
          [
            6.019674,
            51.99696
          ],
          [
            6.020021,
            51.996922
          ],
          [
            6.020482,
            51.996857
          ],
          [
            6.020818,
            51.996796
          ],
          [
            6.021111,
            51.996735
          ],
          [
            6.021151,
            51.996727
          ],
          [
            6.021484,
            51.996651
          ],
          [
            6.02177,
            51.996578
          ],
          [
            6.02182,
            51.996567
          ],
          [
            6.02241,
            51.996426
          ],
          [
            6.022748,
            51.996346
          ],
          [
            6.023086,
            51.996262
          ],
          [
            6.023437,
            51.996181
          ],
          [
            6.02381,
            51.996101
          ],
          [
            6.023821,
            51.996098
          ],
          [
            6.024176,
            51.996033
          ],
          [
            6.024673,
            51.995953
          ],
          [
            6.024685,
            51.995949
          ],
          [
            6.025042,
            51.995903
          ],
          [
            6.025421,
            51.995861
          ],
          [
            6.025995,
            51.995815
          ],
          [
            6.026009,
            51.995815
          ],
          [
            6.026249,
            51.9958
          ],
          [
            6.026374,
            51.995796
          ],
          [
            6.026744,
            51.995785
          ],
          [
            6.026755,
            51.995785
          ],
          [
            6.02712,
            51.995781
          ],
          [
            6.027134,
            51.995781
          ],
          [
            6.027823,
            51.995796
          ],
          [
            6.028195,
            51.995815
          ],
          [
            6.028205,
            51.995819
          ],
          [
            6.028567,
            51.995846
          ],
          [
            6.028576,
            51.995846
          ],
          [
            6.028936,
            51.99588
          ],
          [
            6.028944,
            51.995884
          ],
          [
            6.029389,
            51.995937
          ],
          [
            6.0294,
            51.995937
          ],
          [
            6.029758,
            51.995995
          ],
          [
            6.030114,
            51.996056
          ],
          [
            6.030124,
            51.996056
          ],
          [
            6.030474,
            51.996124
          ],
          [
            6.030481,
            51.996128
          ],
          [
            6.030823,
            51.996204
          ],
          [
            6.030834,
            51.996204
          ],
          [
            6.031237,
            51.996304
          ],
          [
            6.031248,
            51.996307
          ],
          [
            6.031579,
            51.996399
          ],
          [
            6.031587,
            51.996403
          ],
          [
            6.031756,
            51.996452
          ],
          [
            6.031915,
            51.996502
          ],
          [
            6.031925,
            51.996506
          ],
          [
            6.03225,
            51.996613
          ],
          [
            6.032254,
            51.996616
          ],
          [
            6.032568,
            51.996727
          ],
          [
            6.03258,
            51.996731
          ],
          [
            6.033088,
            51.996937
          ],
          [
            6.033101,
            51.996941
          ],
          [
            6.033395,
            51.997074
          ],
          [
            6.033404,
            51.997078
          ],
          [
            6.033689,
            51.997219
          ],
          [
            6.033696,
            51.997223
          ],
          [
            6.033974,
            51.997368
          ],
          [
            6.034443,
            51.997623
          ],
          [
            6.034715,
            51.997776
          ],
          [
            6.03498,
            51.997936
          ],
          [
            6.035472,
            51.99823
          ],
          [
            6.035736,
            51.998383
          ],
          [
            6.035999,
            51.998535
          ],
          [
            6.0362014,
            51.9986507
          ],
          [
            6.036431,
            51.998772
          ],
          [
            6.036591,
            51.998852
          ],
          [
            6.036705,
            51.998913
          ],
          [
            6.036985,
            51.99905
          ],
          [
            6.03727,
            51.999184
          ],
          [
            6.037559,
            51.999313
          ],
          [
            6.037858,
            51.999443
          ],
          [
            6.038155,
            51.999565
          ],
          [
            6.038458,
            51.999683
          ],
          [
            6.038992,
            51.999886
          ],
          [
            6.0393,
            52
          ],
          [
            6.039614,
            52.000111
          ],
          [
            6.039929,
            52.000225
          ],
          [
            6.04044,
            52.000423
          ],
          [
            6.040745,
            52.000549
          ],
          [
            6.040858,
            52.000595
          ]
        ]
      },
      "id": "way/257735462"
    },
    {
      "type": "Feature",
      "properties": {
        "@id": "way/257742387"
      },
      "geometry": {
        "type": "LineString",
        "coordinates": [
          [
            6.0405963,
            52.0009245
          ],
          [
            6.041101,
            52.001152
          ],
          [
            6.041635,
            52.001438
          ],
          [
            6.042137,
            52.001747
          ],
          [
            6.042373,
            52.001911
          ],
          [
            6.0426,
            52.002075
          ],
          [
            6.043101,
            52.002495
          ],
          [
            6.043477,
            52.002865
          ],
          [
            6.043691,
            52.003105
          ],
          [
            6.043995,
            52.003498
          ],
          [
            6.044129,
            52.0037
          ],
          [
            6.044349,
            52.004078
          ],
          [
            6.044446,
            52.004288
          ],
          [
            6.044602,
            52.004711
          ],
          [
            6.044756,
            52.005234
          ],
          [
            6.044947,
            52.006123
          ],
          [
            6.045089,
            52.006607
          ],
          [
            6.045251,
            52.00705
          ],
          [
            6.045367,
            52.007301
          ],
          [
            6.04562,
            52.007744
          ],
          [
            6.045918,
            52.008167
          ],
          [
            6.046086,
            52.008373
          ],
          [
            6.046456,
            52.008774
          ],
          [
            6.046748,
            52.009052
          ],
          [
            6.047285,
            52.009491
          ],
          [
            6.04768,
            52.009773
          ],
          [
            6.048104,
            52.01004
          ],
          [
            6.048662,
            52.010349
          ],
          [
            6.048952,
            52.010494
          ],
          [
            6.049631,
            52.010799
          ],
          [
            6.051997,
            52.011681
          ],
          [
            6.05261,
            52.011917
          ],
          [
            6.053256,
            52.012184
          ],
          [
            6.054109,
            52.012585
          ],
          [
            6.054751,
            52.012913
          ],
          [
            6.056226,
            52.013695
          ],
          [
            6.056613,
            52.013885
          ],
          [
            6.057231,
            52.014153
          ],
          [
            6.057701,
            52.014332
          ],
          [
            6.058377,
            52.014553
          ],
          [
            6.058863,
            52.01469
          ],
          [
            6.059572,
            52.014858
          ],
          [
            6.060588,
            52.015038
          ],
          [
            6.061313,
            52.015125
          ],
          [
            6.062113,
            52.015186
          ],
          [
            6.062498,
            52.015202
          ],
          [
            6.063248,
            52.015205
          ],
          [
            6.064079,
            52.015175
          ],
          [
            6.064824,
            52.01511
          ],
          [
            6.065401,
            52.015038
          ],
          [
            6.065773,
            52.01498
          ],
          [
            6.066487,
            52.014843
          ],
          [
            6.067332,
            52.014633
          ],
          [
            6.068013,
            52.014427
          ],
          [
            6.068342,
            52.014313
          ],
          [
            6.068964,
            52.014065
          ],
          [
            6.069699,
            52.013737
          ],
          [
            6.07062,
            52.013294
          ],
          [
            6.071501,
            52.012913
          ],
          [
            6.072526,
            52.012527
          ],
          [
            6.073997,
            52.012047
          ],
          [
            6.07432,
            52.011925
          ],
          [
            6.074937,
            52.011662
          ],
          [
            6.075343,
            52.011475
          ],
          [
            6.07619,
            52.011032
          ],
          [
            6.076614,
            52.010769
          ],
          [
            6.076865,
            52.01059
          ],
          [
            6.077319,
            52.010216
          ],
          [
            6.077637,
            52.009914
          ],
          [
            6.078009,
            52.009514
          ],
          [
            6.07818,
            52.009304
          ],
          [
            6.078338,
            52.009087
          ],
          [
            6.078616,
            52.008633
          ],
          [
            6.078821,
            52.00819
          ],
          [
            6.078901,
            52.007961
          ],
          [
            6.078975,
            52.007687
          ],
          [
            6.079047,
            52.007229
          ],
          [
            6.079058,
            52.006985
          ],
          [
            6.079035,
            52.006596
          ],
          [
            6.078928,
            52.006134
          ],
          [
            6.078725,
            52.005589
          ],
          [
            6.078274,
            52.004616
          ],
          [
            6.07801,
            52.003994
          ],
          [
            6.07786,
            52.003567
          ],
          [
            6.077812,
            52.003338
          ],
          [
            6.077797,
            52.002911
          ],
          [
            6.077869,
            52.002403
          ],
          [
            6.077991,
            52.001976
          ],
          [
            6.078177,
            52.001541
          ],
          [
            6.078415,
            52.001133
          ],
          [
            6.078555,
            52.000935
          ],
          [
            6.078766,
            52.000668
          ],
          [
            6.078936,
            52.000481
          ],
          [
            6.079322,
            52.000114
          ],
          [
            6.079921,
            51.999588
          ],
          [
            6.080588,
            51.999058
          ],
          [
            6.081076,
            51.99865
          ],
          [
            6.08149,
            51.998264
          ],
          [
            6.081749,
            51.998001
          ],
          [
            6.081929,
            51.997795
          ],
          [
            6.08239,
            51.997169
          ],
          [
            6.083062,
            51.996315
          ],
          [
            6.083228,
            51.996124
          ],
          [
            6.083497,
            51.99585
          ],
          [
            6.083907,
            51.995499
          ],
          [
            6.084358,
            51.995163
          ],
          [
            6.08484,
            51.994843
          ],
          [
            6.085093,
            51.99469
          ],
          [
            6.085552,
            51.994438
          ],
          [
            6.086108,
            51.994167
          ],
          [
            6.086692,
            51.993919
          ],
          [
            6.087053,
            51.993782
          ],
          [
            6.087676,
            51.993576
          ],
          [
            6.088318,
            51.993393
          ],
          [
            6.089093,
            51.993214
          ],
          [
            6.089773,
            51.993095
          ],
          [
            6.09012,
            51.993046
          ],
          [
            6.090496,
            51.992996
          ],
          [
            6.092167,
            51.99295
          ],
          [
            6.093333,
            51.993117
          ],
          [
            6.094567,
            51.993117
          ],
          [
            6.0999839,
            51.9940317
          ]
        ]
      },
      "id": "way/257742387"
    },
    {
      "type": "Feature",
      "properties": {
        "@id": "way/259109547"
      },
      "geometry": {
        "type": "LineString",
        "coordinates": [
          [
            6.172481,
            52.083332
          ],
          [
            6.172429,
            52.083004
          ],
          [
            6.172343,
            52.082642
          ],
          [
            6.172162,
            52.081982
          ],
          [
            6.172029,
            52.081417
          ],
          [
            6.171908,
            52.080967
          ],
          [
            6.171776,
            52.08057
          ],
          [
            6.171517,
            52.07991
          ],
          [
            6.171258,
            52.079311
          ],
          [
            6.17103,
            52.078876
          ],
          [
            6.170851,
            52.078594
          ],
          [
            6.17055,
            52.078178
          ],
          [
            6.170206,
            52.07777
          ],
          [
            6.170012,
            52.077564
          ],
          [
            6.169664,
            52.077229
          ],
          [
            6.169229,
            52.076855
          ],
          [
            6.169006,
            52.076679
          ],
          [
            6.168543,
            52.076332
          ],
          [
            6.168039,
            52.075993
          ],
          [
            6.167769,
            52.075825
          ],
          [
            6.167272,
            52.075535
          ],
          [
            6.166709,
            52.075241
          ],
          [
            6.166409,
            52.0751
          ],
          [
            6.165742,
            52.074814
          ],
          [
            6.165104,
            52.074577
          ],
          [
            6.16469,
            52.074451
          ],
          [
            6.163111,
            52.074013
          ],
          [
            6.162088,
            52.073708
          ],
          [
            6.161777,
            52.073601
          ],
          [
            6.161331,
            52.073437
          ],
          [
            6.16104,
            52.073318
          ],
          [
            6.160765,
            52.073193
          ],
          [
            6.160434,
            52.073013
          ],
          [
            6.160182,
            52.072861
          ],
          [
            6.1598,
            52.072613
          ],
          [
            6.159567,
            52.072449
          ],
          [
            6.159317,
            52.072258
          ],
          [
            6.15888,
            52.071896
          ],
          [
            6.158514,
            52.071606
          ],
          [
            6.157792,
            52.071053
          ],
          [
            6.157246,
            52.070671
          ],
          [
            6.156726,
            52.070343
          ],
          [
            6.156317,
            52.070103
          ],
          [
            6.155756,
            52.069805
          ],
          [
            6.155218,
            52.069565
          ],
          [
            6.15462,
            52.069313
          ],
          [
            6.153666,
            52.06889
          ],
          [
            6.15283,
            52.068504
          ],
          [
            6.152557,
            52.068367
          ],
          [
            6.152297,
            52.068226
          ],
          [
            6.151937,
            52.068001
          ],
          [
            6.151701,
            52.067837
          ],
          [
            6.151258,
            52.067501
          ],
          [
            6.150918,
            52.0672
          ],
          [
            6.150546,
            52.066826
          ],
          [
            6.150274,
            52.066517
          ],
          [
            6.150105,
            52.066311
          ],
          [
            6.149924,
            52.066113
          ],
          [
            6.149577,
            52.065765
          ],
          [
            6.149156,
            52.065384
          ],
          [
            6.14892,
            52.065193
          ],
          [
            6.148662,
            52.065002
          ],
          [
            6.148411,
            52.064831
          ],
          [
            6.148152,
            52.064663
          ],
          [
            6.147599,
            52.064342
          ],
          [
            6.147138,
            52.064102
          ],
          [
            6.146828,
            52.063957
          ],
          [
            6.14653,
            52.063828
          ],
          [
            6.146124,
            52.063671
          ],
          [
            6.145479,
            52.063454
          ],
          [
            6.14498,
            52.063305
          ],
          [
            6.143979,
            52.063026
          ],
          [
            6.14273,
            52.062649
          ],
          [
            6.142416,
            52.062546
          ],
          [
            6.142114,
            52.062435
          ],
          [
            6.141825,
            52.062317
          ],
          [
            6.141413,
            52.062126
          ],
          [
            6.140881,
            52.06184
          ],
          [
            6.140626,
            52.061687
          ],
          [
            6.1402,
            52.061413
          ],
          [
            6.139967,
            52.061249
          ],
          [
            6.139531,
            52.060905
          ],
          [
            6.139241,
            52.060638
          ],
          [
            6.138855,
            52.060261
          ],
          [
            6.137949,
            52.059422
          ],
          [
            6.137354,
            52.05883
          ],
          [
            6.137147,
            52.058636
          ],
          [
            6.136845,
            52.058372
          ],
          [
            6.136162,
            52.057835
          ],
          [
            6.13568,
            52.057487
          ],
          [
            6.135189,
            52.057152
          ],
          [
            6.134795,
            52.056892
          ],
          [
            6.134279,
            52.056568
          ],
          [
            6.134007,
            52.056408
          ],
          [
            6.133484,
            52.056118
          ],
          [
            6.132255,
            52.055477
          ],
          [
            6.131677,
            52.055191
          ],
          [
            6.131018,
            52.054901
          ],
          [
            6.130401,
            52.054649
          ],
          [
            6.129772,
            52.054409
          ],
          [
            6.127796,
            52.053703
          ],
          [
            6.127202,
            52.053524
          ],
          [
            6.125218,
            52.052986
          ],
          [
            6.124765,
            52.052856
          ],
          [
            6.124119,
            52.052658
          ],
          [
            6.123801,
            52.052555
          ],
          [
            6.123172,
            52.052338
          ],
          [
            6.12174,
            52.051819
          ],
          [
            6.121121,
            52.051575
          ],
          [
            6.120537,
            52.051315
          ],
          [
            6.119705,
            52.050919
          ],
          [
            6.119155,
            52.050632
          ],
          [
            6.118788,
            52.05043
          ],
          [
            6.118,
            52.049973
          ],
          [
            6.117265,
            52.049522
          ],
          [
            6.116459,
            52.048988
          ],
          [
            6.115758,
            52.048485
          ],
          [
            6.11451,
            52.047523
          ],
          [
            6.114075,
            52.047169
          ],
          [
            6.113472,
            52.046642
          ],
          [
            6.112725,
            52.045925
          ],
          [
            6.112368,
            52.045547
          ],
          [
            6.112211,
            52.045353
          ],
          [
            6.112024,
            52.04509
          ],
          [
            6.111897,
            52.044884
          ],
          [
            6.111672,
            52.044468
          ],
          [
            6.111486,
            52.044064
          ],
          [
            6.111332,
            52.043636
          ],
          [
            6.111271,
            52.043423
          ],
          [
            6.111185,
            52.042988
          ],
          [
            6.111157,
            52.04277
          ],
          [
            6.11113,
            52.042332
          ],
          [
            6.11113,
            52.04203
          ],
          [
            6.111161,
            52.041592
          ],
          [
            6.11119,
            52.041374
          ],
          [
            6.111231,
            52.041157
          ],
          [
            6.111314,
            52.040813
          ],
          [
            6.111456,
            52.040386
          ],
          [
            6.111543,
            52.040173
          ],
          [
            6.111641,
            52.039963
          ],
          [
            6.111872,
            52.039539
          ],
          [
            6.11214,
            52.039135
          ],
          [
            6.112292,
            52.03894
          ],
          [
            6.112457,
            52.03875
          ],
          [
            6.112697,
            52.038506
          ],
          [
            6.112892,
            52.038322
          ],
          [
            6.113099,
            52.038147
          ],
          [
            6.113314,
            52.037975
          ],
          [
            6.113779,
            52.037643
          ],
          [
            6.114279,
            52.037334
          ],
          [
            6.11454,
            52.037182
          ],
          [
            6.114989,
            52.036934
          ],
          [
            6.115261,
            52.036789
          ],
          [
            6.115539,
            52.036652
          ],
          [
            6.11617,
            52.036358
          ],
          [
            6.116762,
            52.03611
          ],
          [
            6.117434,
            52.035854
          ],
          [
            6.117742,
            52.03574
          ],
          [
            6.118368,
            52.035538
          ],
          [
            6.118707,
            52.035442
          ],
          [
            6.119375,
            52.035282
          ],
          [
            6.120344,
            52.035057
          ],
          [
            6.121378,
            52.034832
          ],
          [
            6.122065,
            52.034664
          ],
          [
            6.122848,
            52.034447
          ],
          [
            6.123006,
            52.034397
          ],
          [
            6.123564,
            52.034214
          ],
          [
            6.124212,
            52.033978
          ],
          [
            6.124696,
            52.033783
          ],
          [
            6.125297,
            52.03352
          ],
          [
            6.125897,
            52.033234
          ],
          [
            6.126467,
            52.032944
          ],
          [
            6.126746,
            52.032795
          ],
          [
            6.127018,
            52.032639
          ],
          [
            6.127572,
            52.032303
          ],
          [
            6.128077,
            52.031967
          ],
          [
            6.128559,
            52.03162
          ],
          [
            6.129049,
            52.031231
          ],
          [
            6.12927,
            52.031044
          ],
          [
            6.129684,
            52.03067
          ],
          [
            6.130078,
            52.030281
          ],
          [
            6.130448,
            52.029873
          ],
          [
            6.130783,
            52.029469
          ],
          [
            6.130941,
            52.029263
          ],
          [
            6.131256,
            52.028816
          ],
          [
            6.131526,
            52.028385
          ],
          [
            6.131647,
            52.028175
          ],
          [
            6.131871,
            52.027737
          ],
          [
            6.132103,
            52.027191
          ],
          [
            6.132185,
            52.02697
          ],
          [
            6.132323,
            52.02652
          ],
          [
            6.13238,
            52.026299
          ],
          [
            6.132452,
            52.025955
          ],
          [
            6.132519,
            52.025497
          ],
          [
            6.132555,
            52.02504
          ],
          [
            6.132558,
            52.02459
          ],
          [
            6.13252,
            52.024044
          ],
          [
            6.132464,
            52.023643
          ],
          [
            6.132421,
            52.023418
          ],
          [
            6.13237,
            52.02319
          ],
          [
            6.13228,
            52.022854
          ],
          [
            6.13213,
            52.0224
          ],
          [
            6.132042,
            52.022179
          ],
          [
            6.131947,
            52.021961
          ],
          [
            6.131825,
            52.021713
          ],
          [
            6.131706,
            52.021492
          ],
          [
            6.131443,
            52.021061
          ],
          [
            6.131295,
            52.020847
          ],
          [
            6.131001,
            52.02047
          ],
          [
            6.13015,
            52.019467
          ],
          [
            6.128517,
            52.017633
          ],
          [
            6.128133,
            52.016883
          ],
          [
            6.127877,
            52.016319
          ],
          [
            6.127829,
            52.016106
          ],
          [
            6.127794,
            52.015888
          ],
          [
            6.127772,
            52.015671
          ],
          [
            6.127763,
            52.015305
          ],
          [
            6.127769,
            52.015038
          ],
          [
            6.127818,
            52.014362
          ],
          [
            6.127828,
            52.013847
          ],
          [
            6.127822,
            52.013397
          ],
          [
            6.127805,
            52.013161
          ],
          [
            6.127775,
            52.012936
          ],
          [
            6.127675,
            52.012486
          ],
          [
            6.127529,
            52.012039
          ],
          [
            6.12733,
            52.011585
          ],
          [
            6.127114,
            52.0112
          ],
          [
            6.126976,
            52.01099
          ],
          [
            6.126823,
            52.01078
          ],
          [
            6.126499,
            52.010368
          ],
          [
            6.12596,
            52.009747
          ],
          [
            6.125576,
            52.00935
          ],
          [
            6.125288,
            52.009079
          ],
          [
            6.125073,
            52.008892
          ],
          [
            6.124622,
            52.008526
          ],
          [
            6.124386,
            52.00835
          ],
          [
            6.123961,
            52.008053
          ],
          [
            6.123441,
            52.007725
          ],
          [
            6.122887,
            52.007408
          ],
          [
            6.122357,
            52.007137
          ],
          [
            6.122055,
            52.006992
          ],
          [
            6.121457,
            52.006729
          ],
          [
            6.120971,
            52.006535
          ],
          [
            6.120003,
            52.006195
          ],
          [
            6.118926,
            52.005848
          ],
          [
            6.11862,
            52.005741
          ],
          [
            6.118197,
            52.005577
          ],
          [
            6.117614,
            52.005329
          ],
          [
            6.117334,
            52.005196
          ],
          [
            6.117064,
            52.005054
          ],
          [
            6.116778,
            52.004894
          ],
          [
            6.116527,
            52.004742
          ],
          [
            6.116284,
            52.004581
          ],
          [
            6.115821,
            52.00425
          ],
          [
            6.115256,
            52.003799
          ],
          [
            6.114851,
            52.003441
          ],
          [
            6.114671,
            52.003254
          ],
          [
            6.11451,
            52.003067
          ],
          [
            6.114375,
            52.00288
          ],
          [
            6.114181,
            52.002491
          ],
          [
            6.113881,
            52.001705
          ],
          [
            6.113529,
            52.000717
          ],
          [
            6.113351,
            52.000275
          ],
          [
            6.113228,
            52.000019
          ],
          [
            6.112993,
            51.999588
          ],
          [
            6.112826,
            51.999321
          ],
          [
            6.112681,
            51.999111
          ],
          [
            6.112364,
            51.998692
          ],
          [
            6.112049,
            51.998314
          ],
          [
            6.111866,
            51.998112
          ],
          [
            6.111401,
            51.997646
          ],
          [
            6.110979,
            51.997272
          ],
          [
            6.110748,
            51.997093
          ],
          [
            6.110319,
            51.996788
          ],
          [
            6.110063,
            51.996624
          ],
          [
            6.109263,
            51.996147
          ],
          [
            6.108987,
            51.995998
          ],
          [
            6.108689,
            51.995853
          ],
          [
            6.108276,
            51.99567
          ],
          [
            6.10797,
            51.995548
          ],
          [
            6.107334,
            51.995312
          ],
          [
            6.106534,
            51.995037
          ],
          [
            6.106201,
            51.994934
          ],
          [
            6.105859,
            51.994835
          ],
          [
            6.105236,
            51.994675
          ],
          [
            6.104535,
            51.994522
          ],
          [
            6.103663,
            51.994347
          ],
          [
            6.102266,
            51.994102
          ],
          [
            6.100851,
            51.993832
          ],
          [
            6.100362,
            51.993732
          ],
          [
            6.1,
            51.993649
          ]
        ]
      },
      "id": "way/259109547"
    },
    {
      "type": "Feature",
      "properties": {
        "@id": "way/259169095"
      },
      "geometry": {
        "type": "LineString",
        "coordinates": [
          [
            6.171896,
            52.083332
          ],
          [
            6.171916,
            52.083485
          ],
          [
            6.171942,
            52.08371
          ],
          [
            6.172003,
            52.084129
          ],
          [
            6.172047,
            52.084354
          ],
          [
            6.172095,
            52.084579
          ],
          [
            6.1721296,
            52.0853492
          ],
          [
            6.1725083,
            52.0865536
          ],
          [
            6.1729921,
            52.0876277
          ],
          [
            6.173582,
            52.088573
          ],
          [
            6.1738581,
            52.0890287
          ],
          [
            6.1740826,
            52.0892733
          ],
          [
            6.1742513,
            52.0894755
          ],
          [
            6.174433,
            52.089546
          ],
          [
            6.174524,
            52.089645
          ],
          [
            6.174528,
            52.089649
          ],
          [
            6.174722,
            52.08984
          ],
          [
            6.174731,
            52.089848
          ],
          [
            6.174941,
            52.090031
          ],
          [
            6.174952,
            52.090038
          ],
          [
            6.17519,
            52.090221
          ],
          [
            6.1752,
            52.090225
          ],
          [
            6.175452,
            52.090393
          ],
          [
            6.175461,
            52.090401
          ],
          [
            6.175728,
            52.090557
          ],
          [
            6.175743,
            52.090565
          ],
          [
            6.176194,
            52.090797
          ],
          [
            6.176207,
            52.090801
          ],
          [
            6.176501,
            52.090935
          ],
          [
            6.176512,
            52.090942
          ],
          [
            6.176818,
            52.091068
          ],
          [
            6.176828,
            52.091072
          ],
          [
            6.177141,
            52.091187
          ],
          [
            6.177157,
            52.09119
          ],
          [
            6.17756,
            52.09132
          ],
          [
            6.177569,
            52.09132
          ],
          [
            6.177904,
            52.091412
          ],
          [
            6.177919,
            52.091415
          ],
          [
            6.178262,
            52.091492
          ],
          [
            6.178272,
            52.091496
          ],
          [
            6.178282,
            52.091496
          ],
          [
            6.178791,
            52.091587
          ],
          [
            6.178799,
            52.091587
          ],
          [
            6.178813,
            52.091591
          ],
          [
            6.179048,
            52.091618
          ],
          [
            6.179175,
            52.091637
          ],
          [
            6.179189,
            52.091637
          ],
          [
            6.179555,
            52.091667
          ],
          [
            6.179572,
            52.091667
          ],
          [
            6.180183,
            52.09169
          ],
          [
            6.180206,
            52.09169
          ],
          [
            6.18057,
            52.091686
          ],
          [
            6.18059,
            52.091686
          ],
          [
            6.180953,
            52.091663
          ],
          [
            6.180965,
            52.091663
          ],
          [
            6.181327,
            52.091633
          ],
          [
            6.182387,
            52.091534
          ],
          [
            6.182746,
            52.091496
          ],
          [
            6.183441,
            52.091423
          ],
          [
            6.183798,
            52.091393
          ],
          [
            6.184157,
            52.091358
          ],
          [
            6.184514,
            52.091331
          ],
          [
            6.184954,
            52.091301
          ],
          [
            6.185172,
            52.091293
          ],
          [
            6.185312,
            52.091286
          ],
          [
            6.18567,
            52.09127
          ],
          [
            6.186026,
            52.091259
          ],
          [
            6.186627,
            52.091255
          ],
          [
            6.18698,
            52.091267
          ],
          [
            6.187335,
            52.091282
          ],
          [
            6.187692,
            52.091301
          ],
          [
            6.188183,
            52.091339
          ],
          [
            6.188539,
            52.091366
          ],
          [
            6.188894,
            52.0914
          ],
          [
            6.189248,
            52.091438
          ],
          [
            6.189762,
            52.091499
          ],
          [
            6.189764,
            52.091499
          ],
          [
            6.190116,
            52.091549
          ],
          [
            6.190289,
            52.091572
          ],
          [
            6.190465,
            52.091599
          ],
          [
            6.190812,
            52.091652
          ],
          [
            6.191326,
            52.091743
          ],
          [
            6.19139,
            52.091759
          ],
          [
            6.191664,
            52.091812
          ],
          [
            6.192001,
            52.091888
          ],
          [
            6.192606,
            52.092033
          ],
          [
            6.192939,
            52.092117
          ],
          [
            6.193268,
            52.092201
          ],
          [
            6.193784,
            52.09235
          ],
          [
            6.194104,
            52.092445
          ],
          [
            6.194423,
            52.092548
          ],
          [
            6.194739,
            52.092655
          ],
          [
            6.195089,
            52.092773
          ],
          [
            6.195223,
            52.092823
          ],
          [
            6.195397,
            52.092888
          ],
          [
            6.195706,
            52.093006
          ],
          [
            6.196021,
            52.093124
          ],
          [
            6.196334,
            52.093243
          ],
          [
            6.196755,
            52.093399
          ],
          [
            6.197074,
            52.09351
          ],
          [
            6.197085,
            52.093513
          ],
          [
            6.197468,
            52.093632
          ],
          [
            6.197474,
            52.093636
          ],
          [
            6.197494,
            52.093639
          ],
          [
            6.197834,
            52.093723
          ],
          [
            6.197854,
            52.093727
          ],
          [
            6.198347,
            52.093819
          ],
          [
            6.198363,
            52.093822
          ],
          [
            6.198717,
            52.093876
          ],
          [
            6.198732,
            52.09388
          ],
          [
            6.199091,
            52.093922
          ],
          [
            6.199102,
            52.093922
          ],
          [
            6.199471,
            52.093956
          ],
          [
            6.199956,
            52.093987
          ],
          [
            6.200328,
            52.094006
          ],
          [
            6.200358,
            52.094009
          ],
          [
            6.200693,
            52.094021
          ],
          [
            6.200707,
            52.094021
          ],
          [
            6.201077,
            52.094021
          ],
          [
            6.201097,
            52.094021
          ],
          [
            6.2016,
            52.093998
          ],
          [
            6.201619,
            52.093998
          ],
          [
            6.201632,
            52.093994
          ],
          [
            6.201995,
            52.093952
          ],
          [
            6.202011,
            52.093948
          ],
          [
            6.202363,
            52.093891
          ],
          [
            6.202378,
            52.093887
          ],
          [
            6.203007,
            52.093761
          ],
          [
            6.203351,
            52.093685
          ],
          [
            6.2037,
            52.093601
          ],
          [
            6.203708,
            52.093601
          ],
          [
            6.204044,
            52.093513
          ],
          [
            6.204055,
            52.09351
          ],
          [
            6.204686,
            52.093323
          ],
          [
            6.204694,
            52.093323
          ],
          [
            6.20496,
            52.093231
          ],
          [
            6.205019,
            52.093212
          ],
          [
            6.205585,
            52.09301
          ],
          [
            6.205901,
            52.092899
          ],
          [
            6.205904,
            52.092899
          ],
          [
            6.206217,
            52.092785
          ],
          [
            6.206333,
            52.092747
          ],
          [
            6.206521,
            52.092682
          ],
          [
            6.207157,
            52.09251
          ],
          [
            6.207481,
            52.092453
          ],
          [
            6.207819,
            52.092407
          ],
          [
            6.208154,
            52.092373
          ],
          [
            6.208621,
            52.092361
          ],
          [
            6.208954,
            52.092373
          ],
          [
            6.209291,
            52.092403
          ],
          [
            6.209631,
            52.092453
          ],
          [
            6.209973,
            52.09251
          ],
          [
            6.210304,
            52.092579
          ],
          [
            6.210628,
            52.092655
          ],
          [
            6.210943,
            52.092747
          ],
          [
            6.21153,
            52.092945
          ],
          [
            6.211818,
            52.09306
          ],
          [
            6.211921,
            52.093105
          ],
          [
            6.212097,
            52.093185
          ],
          [
            6.212369,
            52.093323
          ],
          [
            6.212639,
            52.093472
          ],
          [
            6.213155,
            52.093758
          ],
          [
            6.213422,
            52.093906
          ],
          [
            6.213685,
            52.094059
          ],
          [
            6.213943,
            52.094212
          ],
          [
            6.214197,
            52.094372
          ],
          [
            6.214445,
            52.094528
          ],
          [
            6.214912,
            52.094849
          ],
          [
            6.215145,
            52.095016
          ],
          [
            6.215238,
            52.095085
          ],
          [
            6.215374,
            52.095184
          ],
          [
            6.215595,
            52.095356
          ],
          [
            6.215867,
            52.095585
          ],
          [
            6.216063,
            52.095768
          ],
          [
            6.216252,
            52.095955
          ],
          [
            6.216365,
            52.096073
          ],
          [
            6.21643,
            52.096142
          ],
          [
            6.21675,
            52.096516
          ],
          [
            6.216902,
            52.09671
          ],
          [
            6.217045,
            52.096912
          ],
          [
            6.217179,
            52.097115
          ],
          [
            6.21742,
            52.097519
          ],
          [
            6.217535,
            52.097729
          ],
          [
            6.217643,
            52.097939
          ],
          [
            6.217743,
            52.098148
          ],
          [
            6.217832,
            52.098362
          ],
          [
            6.217947,
            52.098686
          ],
          [
            6.218003,
            52.0989
          ],
          [
            6.218046,
            52.099117
          ],
          [
            6.218079,
            52.099335
          ],
          [
            6.218102,
            52.099556
          ],
          [
            6.218119,
            52.099777
          ],
          [
            6.218135,
            52.100075
          ],
          [
            6.218142,
            52.100296
          ],
          [
            6.218141,
            52.100517
          ],
          [
            6.218133,
            52.100739
          ],
          [
            6.218121,
            52.10096
          ],
          [
            6.218104,
            52.101181
          ],
          [
            6.218069,
            52.101574
          ],
          [
            6.218048,
            52.101799
          ],
          [
            6.218023,
            52.10202
          ],
          [
            6.218015,
            52.102089
          ],
          [
            6.217996,
            52.102242
          ],
          [
            6.217965,
            52.102467
          ],
          [
            6.217929,
            52.102684
          ],
          [
            6.217872,
            52.102985
          ],
          [
            6.217824,
            52.103203
          ],
          [
            6.217771,
            52.103424
          ],
          [
            6.217712,
            52.103645
          ],
          [
            6.217649,
            52.103863
          ],
          [
            6.217582,
            52.10408
          ],
          [
            6.21751,
            52.104301
          ],
          [
            6.217434,
            52.104519
          ],
          [
            6.217348,
            52.104748
          ],
          [
            6.217263,
            52.104965
          ],
          [
            6.217173,
            52.105179
          ],
          [
            6.217082,
            52.105389
          ],
          [
            6.217078,
            52.105396
          ],
          [
            6.21698,
            52.10561
          ],
          [
            6.216878,
            52.105824
          ],
          [
            6.216746,
            52.106094
          ],
          [
            6.216639,
            52.106308
          ],
          [
            6.21653,
            52.106522
          ],
          [
            6.216417,
            52.106735
          ],
          [
            6.216302,
            52.106945
          ],
          [
            6.216184,
            52.107155
          ],
          [
            6.216036,
            52.107414
          ],
          [
            6.215911,
            52.107624
          ],
          [
            6.215786,
            52.107834
          ],
          [
            6.215658,
            52.108044
          ],
          [
            6.215526,
            52.10825
          ],
          [
            6.215442,
            52.108376
          ],
          [
            6.215391,
            52.108456
          ],
          [
            6.215128,
            52.108826
          ],
          [
            6.214976,
            52.109028
          ],
          [
            6.214821,
            52.109226
          ],
          [
            6.214662,
            52.109425
          ],
          [
            6.214498,
            52.109619
          ],
          [
            6.214165,
            52.109978
          ],
          [
            6.213974,
            52.110161
          ],
          [
            6.213775,
            52.110344
          ],
          [
            6.213568,
            52.110523
          ],
          [
            6.213353,
            52.110695
          ],
          [
            6.213037,
            52.110935
          ],
          [
            6.212804,
            52.111103
          ],
          [
            6.212564,
            52.111267
          ],
          [
            6.21254,
            52.111282
          ],
          [
            6.212319,
            52.111427
          ],
          [
            6.212068,
            52.111576
          ],
          [
            6.211546,
            52.111858
          ],
          [
            6.211269,
            52.111988
          ],
          [
            6.21098,
            52.112114
          ],
          [
            6.210682,
            52.112232
          ],
          [
            6.210378,
            52.112347
          ],
          [
            6.209948,
            52.112499
          ],
          [
            6.209633,
            52.112598
          ],
          [
            6.209312,
            52.112694
          ],
          [
            6.208985,
            52.112785
          ],
          [
            6.208654,
            52.112869
          ],
          [
            6.208127,
            52.112999
          ],
          [
            6.207791,
            52.113079
          ],
          [
            6.207627,
            52.113113
          ],
          [
            6.207452,
            52.113152
          ],
          [
            6.207112,
            52.113224
          ],
          [
            6.206769,
            52.113293
          ],
          [
            6.206426,
            52.113358
          ],
          [
            6.205902,
            52.113449
          ],
          [
            6.205554,
            52.113503
          ],
          [
            6.205204,
            52.113552
          ],
          [
            6.205029,
            52.113579
          ],
          [
            6.204852,
            52.113602
          ],
          [
            6.2045,
            52.113644
          ],
          [
            6.204145,
            52.113686
          ],
          [
            6.20379,
            52.11372
          ],
          [
            6.203413,
            52.113754
          ],
          [
            6.203056,
            52.113781
          ],
          [
            6.202698,
            52.113804
          ],
          [
            6.20234,
            52.113823
          ],
          [
            6.201865,
            52.113846
          ],
          [
            6.201506,
            52.113857
          ],
          [
            6.201146,
            52.113869
          ],
          [
            6.200785,
            52.113873
          ],
          [
            6.200443,
            52.113876
          ],
          [
            6.200424,
            52.113876
          ],
          [
            6.19971,
            52.113873
          ],
          [
            6.19935,
            52.113869
          ],
          [
            6.198989,
            52.113861
          ],
          [
            6.198627,
            52.11385
          ],
          [
            6.198265,
            52.113838
          ],
          [
            6.19782,
            52.113823
          ],
          [
            6.197461,
            52.113804
          ],
          [
            6.1971,
            52.113781
          ],
          [
            6.196501,
            52.113754
          ],
          [
            6.196491,
            52.113754
          ],
          [
            6.196126,
            52.11375
          ],
          [
            6.195746,
            52.11375
          ],
          [
            6.195075,
            52.113766
          ],
          [
            6.194705,
            52.113773
          ],
          [
            6.194335,
            52.113789
          ],
          [
            6.193789,
            52.113823
          ],
          [
            6.193778,
            52.113823
          ],
          [
            6.193767,
            52.113827
          ],
          [
            6.1934,
            52.113865
          ],
          [
            6.193394,
            52.113865
          ],
          [
            6.193039,
            52.113918
          ],
          [
            6.193026,
            52.113918
          ],
          [
            6.192988,
            52.113926
          ],
          [
            6.192436,
            52.114021
          ],
          [
            6.192423,
            52.114025
          ],
          [
            6.192074,
            52.114098
          ],
          [
            6.191726,
            52.114178
          ],
          [
            6.191716,
            52.114182
          ],
          [
            6.191238,
            52.114307
          ],
          [
            6.190899,
            52.114399
          ],
          [
            6.190888,
            52.114403
          ],
          [
            6.190886,
            52.114403
          ],
          [
            6.190551,
            52.11451
          ],
          [
            6.190306,
            52.114586
          ],
          [
            6.190286,
            52.114594
          ],
          [
            6.190178,
            52.114635
          ],
          [
            6.189976,
            52.114712
          ],
          [
            6.189964,
            52.114716
          ],
          [
            6.189663,
            52.114845
          ],
          [
            6.189652,
            52.114849
          ],
          [
            6.189192,
            52.115063
          ],
          [
            6.188905,
            52.115204
          ],
          [
            6.188614,
            52.11536
          ],
          [
            6.188336,
            52.115517
          ],
          [
            6.188069,
            52.115681
          ],
          [
            6.187808,
            52.115852
          ],
          [
            6.187571,
            52.116024
          ],
          [
            6.187337,
            52.116203
          ],
          [
            6.186986,
            52.116505
          ],
          [
            6.186781,
            52.116699
          ],
          [
            6.186593,
            52.11689
          ],
          [
            6.186459,
            52.117039
          ],
          [
            6.186237,
            52.117302
          ],
          [
            6.186017,
            52.117599
          ],
          [
            6.186012,
            52.117607
          ],
          [
            6.185876,
            52.117817
          ],
          [
            6.185872,
            52.117825
          ],
          [
            6.18575,
            52.118038
          ],
          [
            6.185744,
            52.11805
          ],
          [
            6.185678,
            52.118183
          ],
          [
            6.185641,
            52.118256
          ],
          [
            6.185638,
            52.118263
          ],
          [
            6.185541,
            52.118481
          ],
          [
            6.185452,
            52.118706
          ],
          [
            6.185373,
            52.118931
          ],
          [
            6.185275,
            52.119232
          ],
          [
            6.185211,
            52.119457
          ],
          [
            6.185157,
            52.119678
          ],
          [
            6.185116,
            52.119884
          ],
          [
            6.185111,
            52.119907
          ],
          [
            6.185074,
            52.120136
          ],
          [
            6.185045,
            52.120365
          ],
          [
            6.185024,
            52.120594
          ],
          [
            6.185011,
            52.120819
          ],
          [
            6.185006,
            52.121048
          ],
          [
            6.185016,
            52.121494
          ],
          [
            6.185031,
            52.121731
          ],
          [
            6.185054,
            52.121956
          ],
          [
            6.185084,
            52.122185
          ],
          [
            6.185122,
            52.122414
          ],
          [
            6.185166,
            52.122635
          ],
          [
            6.18522,
            52.122864
          ],
          [
            6.185281,
            52.123093
          ],
          [
            6.185423,
            52.123531
          ],
          [
            6.185506,
            52.123753
          ],
          [
            6.185599,
            52.123978
          ],
          [
            6.185697,
            52.124195
          ],
          [
            6.185802,
            52.124413
          ],
          [
            6.185815,
            52.124435
          ],
          [
            6.185923,
            52.124645
          ],
          [
            6.186047,
            52.124863
          ],
          [
            6.186176,
            52.125076
          ],
          [
            6.186313,
            52.12529
          ],
          [
            6.186454,
            52.1255
          ],
          [
            6.186602,
            52.125706
          ],
          [
            6.186753,
            52.125916
          ],
          [
            6.186963,
            52.126194
          ],
          [
            6.186965,
            52.126194
          ],
          [
            6.187126,
            52.1264
          ],
          [
            6.187293,
            52.126602
          ],
          [
            6.187461,
            52.126801
          ],
          [
            6.187631,
            52.126999
          ],
          [
            6.187792,
            52.12719
          ],
          [
            6.187879,
            52.127296
          ],
          [
            6.188046,
            52.127495
          ],
          [
            6.188215,
            52.127693
          ],
          [
            6.188383,
            52.127895
          ],
          [
            6.188546,
            52.12809
          ],
          [
            6.188857,
            52.12849
          ],
          [
            6.189002,
            52.128693
          ],
          [
            6.189144,
            52.128899
          ],
          [
            6.189281,
            52.129101
          ],
          [
            6.189383,
            52.129261
          ],
          [
            6.189414,
            52.129311
          ],
          [
            6.189466,
            52.129395
          ],
          [
            6.189541,
            52.129517
          ],
          [
            6.189586,
            52.129593
          ],
          [
            6.189663,
            52.129726
          ],
          [
            6.18978,
            52.129936
          ],
          [
            6.189891,
            52.130146
          ],
          [
            6.190006,
            52.130379
          ],
          [
            6.190105,
            52.130592
          ],
          [
            6.190198,
            52.130806
          ],
          [
            6.190286,
            52.13102
          ],
          [
            6.190368,
            52.131237
          ],
          [
            6.190444,
            52.131454
          ],
          [
            6.190482,
            52.131569
          ],
          [
            6.190517,
            52.131672
          ],
          [
            6.190642,
            52.132088
          ],
          [
            6.190701,
            52.132305
          ],
          [
            6.190758,
            52.132526
          ],
          [
            6.19081,
            52.132748
          ],
          [
            6.190856,
            52.132965
          ],
          [
            6.190897,
            52.133186
          ],
          [
            6.190932,
            52.133408
          ],
          [
            6.19096,
            52.133629
          ],
          [
            6.190982,
            52.133877
          ],
          [
            6.190992,
            52.134098
          ],
          [
            6.190994,
            52.134319
          ],
          [
            6.19099,
            52.134541
          ],
          [
            6.190981,
            52.13493
          ],
          [
            6.190977,
            52.135155
          ],
          [
            6.19097,
            52.13538
          ],
          [
            6.190962,
            52.135601
          ],
          [
            6.190953,
            52.135826
          ],
          [
            6.190942,
            52.136051
          ],
          [
            6.190928,
            52.136272
          ],
          [
            6.190913,
            52.136497
          ],
          [
            6.190896,
            52.136723
          ],
          [
            6.19089,
            52.136784
          ],
          [
            6.190874,
            52.136967
          ],
          [
            6.190857,
            52.137142
          ],
          [
            6.190833,
            52.137413
          ],
          [
            6.190811,
            52.137638
          ],
          [
            6.190787,
            52.137859
          ],
          [
            6.190758,
            52.138081
          ],
          [
            6.190723,
            52.138302
          ],
          [
            6.190033,
            52.139883
          ],
          [
            6.1896,
            52.140614
          ],
          [
            6.188614,
            52.142872
          ],
          [
            6.188371,
            52.143272
          ],
          [
            6.1881,
            52.143692
          ],
          [
            6.187957,
            52.143902
          ],
          [
            6.187821,
            52.144104
          ],
          [
            6.187536,
            52.14452
          ],
          [
            6.187366,
            52.144768
          ],
          [
            6.187227,
            52.144978
          ],
          [
            6.187089,
            52.145184
          ],
          [
            6.186952,
            52.145393
          ],
          [
            6.186815,
            52.145599
          ],
          [
            6.186676,
            52.145805
          ],
          [
            6.186533,
            52.146011
          ],
          [
            6.186383,
            52.146221
          ],
          [
            6.186233,
            52.146423
          ],
          [
            6.186079,
            52.146626
          ],
          [
            6.185922,
            52.146824
          ],
          [
            6.185763,
            52.147026
          ],
          [
            6.1856,
            52.147224
          ],
          [
            6.185435,
            52.147423
          ],
          [
            6.185267,
            52.147621
          ],
          [
            6.185096,
            52.14782
          ],
          [
            6.184952,
            52.14798
          ],
          [
            6.18486,
            52.148083
          ],
          [
            6.184849,
            52.148094
          ],
          [
            6.184669,
            52.148285
          ],
          [
            6.184482,
            52.148476
          ],
          [
            6.184289,
            52.148663
          ],
          [
            6.183893,
            52.14904
          ],
          [
            6.183694,
            52.149231
          ],
          [
            6.183503,
            52.149426
          ],
          [
            6.183498,
            52.149429
          ],
          [
            6.183451,
            52.149479
          ],
          [
            6.183193,
            52.149757
          ],
          [
            6.18302,
            52.149956
          ],
          [
            6.182846,
            52.150158
          ],
          [
            6.182675,
            52.15036
          ],
          [
            6.182516,
            52.150562
          ],
          [
            6.182267,
            52.150917
          ],
          [
            6.182262,
            52.150925
          ],
          [
            6.18213,
            52.151138
          ],
          [
            6.182007,
            52.151356
          ],
          [
            6.181896,
            52.151569
          ],
          [
            6.181894,
            52.151577
          ],
          [
            6.181792,
            52.151798
          ],
          [
            6.181704,
            52.152016
          ],
          [
            6.181702,
            52.152023
          ],
          [
            6.181626,
            52.152245
          ],
          [
            6.181564,
            52.152473
          ],
          [
            6.181562,
            52.152481
          ],
          [
            6.181517,
            52.152702
          ],
          [
            6.181516,
            52.15271
          ],
          [
            6.181485,
            52.152935
          ],
          [
            6.181474,
            52.153076
          ],
          [
            6.181467,
            52.153164
          ],
          [
            6.181466,
            52.153172
          ],
          [
            6.181461,
            52.1534
          ],
          [
            6.181468,
            52.153625
          ],
          [
            6.181486,
            52.153858
          ],
          [
            6.181524,
            52.154148
          ],
          [
            6.181525,
            52.154156
          ],
          [
            6.181567,
            52.154385
          ],
          [
            6.18162,
            52.154606
          ],
          [
            6.181622,
            52.15461
          ],
          [
            6.181685,
            52.154831
          ],
          [
            6.181761,
            52.155056
          ],
          [
            6.181849,
            52.155285
          ],
          [
            6.181948,
            52.155514
          ],
          [
            6.182057,
            52.155731
          ],
          [
            6.182061,
            52.155739
          ],
          [
            6.182181,
            52.155949
          ],
          [
            6.182314,
            52.156166
          ],
          [
            6.182419,
            52.15633
          ],
          [
            6.182438,
            52.156361
          ],
          [
            6.182447,
            52.156376
          ],
          [
            6.182496,
            52.156452
          ],
          [
            6.1826,
            52.15662
          ],
          [
            6.182731,
            52.15683
          ],
          [
            6.182865,
            52.15704
          ],
          [
            6.183136,
            52.157459
          ],
          [
            6.183269,
            52.157665
          ],
          [
            6.183397,
            52.157875
          ],
          [
            6.183539,
            52.158115
          ],
          [
            6.18378,
            52.158535
          ],
          [
            6.183896,
            52.158745
          ],
          [
            6.184003,
            52.158955
          ],
          [
            6.184139,
            52.159264
          ],
          [
            6.184193,
            52.159416
          ],
          [
            6.184213,
            52.159473
          ],
          [
            6.184273,
            52.159687
          ],
          [
            6.184323,
            52.159904
          ],
          [
            6.184366,
            52.160126
          ],
          [
            6.184381,
            52.160213
          ],
          [
            6.184445,
            52.160576
          ],
          [
            6.184489,
            52.160805
          ],
          [
            6.184531,
            52.161026
          ],
          [
            6.184568,
            52.161251
          ],
          [
            6.184608,
            52.161472
          ],
          [
            6.184609,
            52.16148
          ],
          [
            6.184686,
            52.161819
          ],
          [
            6.184688,
            52.161827
          ],
          [
            6.184754,
            52.162052
          ],
          [
            6.184765,
            52.162086
          ],
          [
            6.184828,
            52.162273
          ],
          [
            6.18493,
            52.162544
          ],
          [
            6.184988,
            52.162685
          ],
          [
            6.185021,
            52.162766
          ],
          [
            6.18512,
            52.162991
          ],
          [
            6.185228,
            52.163204
          ],
          [
            6.185231,
            52.163212
          ],
          [
            6.185412,
            52.163506
          ],
          [
            6.18542,
            52.163517
          ],
          [
            6.185571,
            52.163723
          ],
          [
            6.185578,
            52.163731
          ],
          [
            6.185746,
            52.163929
          ],
          [
            6.185752,
            52.163937
          ],
          [
            6.185935,
            52.164135
          ],
          [
            6.186211,
            52.164406
          ],
          [
            6.186429,
            52.1646
          ],
          [
            6.186646,
            52.164783
          ],
          [
            6.186877,
            52.164963
          ],
          [
            6.187116,
            52.165142
          ],
          [
            6.187388,
            52.165333
          ],
          [
            6.187644,
            52.165497
          ],
          [
            6.187653,
            52.165504
          ],
          [
            6.187917,
            52.165661
          ],
          [
            6.188181,
            52.165817
          ],
          [
            6.188209,
            52.165833
          ],
          [
            6.188624,
            52.16608
          ],
          [
            6.188877,
            52.166241
          ],
          [
            6.189059,
            52.166355
          ],
          [
            6.189132,
            52.166397
          ],
          [
            6.189383,
            52.166561
          ],
          [
            6.189629,
            52.166721
          ],
          [
            6.190062,
            52.167023
          ],
          [
            6.190293,
            52.167191
          ],
          [
            6.190522,
            52.167362
          ],
          [
            6.190742,
            52.167534
          ],
          [
            6.191587,
            52.168385
          ]
        ]
      },
      "id": "way/259169095"
    },
    {
      "type": "Feature",
      "properties": {
        "@id": "way/259169101"
      },
      "geometry": {
        "type": "LineString",
        "coordinates": [
          [
            6.0474334,
            52.5039619
          ],
          [
            6.0475447,
            52.5036766
          ],
          [
            6.0480843,
            52.5032127
          ],
          [
            6.0486728,
            52.5029302
          ],
          [
            6.0497368,
            52.5024823
          ],
          [
            6.051095,
            52.5018921
          ],
          [
            6.0542228,
            52.5003808
          ],
          [
            6.0547095,
            52.500119
          ],
          [
            6.0552038,
            52.4998319
          ],
          [
            6.0558565,
            52.4993932
          ],
          [
            6.0564262,
            52.4989637
          ],
          [
            6.0569619,
            52.4985158
          ],
          [
            6.057377,
            52.4981138
          ],
          [
            6.0581165,
            52.4973145
          ],
          [
            6.0590786,
            52.4961086
          ],
          [
            6.0597313,
            52.4953414
          ],
          [
            6.0600633,
            52.4947441
          ],
          [
            6.0623799,
            52.4902232
          ],
          [
            6.0643946,
            52.4878914
          ],
          [
            6.065485,
            52.4867205
          ],
          [
            6.0672517,
            52.4851674
          ],
          [
            6.0680091,
            52.4843681
          ],
          [
            6.0707633,
            52.482754
          ],
          [
            6.0722861,
            52.4821306
          ],
          [
            6.074167,
            52.481144
          ],
          [
            6.076003,
            52.480506
          ],
          [
            6.0778972,
            52.4801361
          ],
          [
            6.0810106,
            52.4795532
          ],
          [
            6.082399,
            52.4792866
          ],
          [
            6.0841874,
            52.4789236
          ],
          [
            6.0860738,
            52.4783629
          ],
          [
            6.0878848,
            52.4777378
          ],
          [
            6.0899826,
            52.4769014
          ],
          [
            6.0919898,
            52.4759362
          ],
          [
            6.0940347,
            52.4747412
          ],
          [
            6.0952269,
            52.4739828
          ],
          [
            6.096223,
            52.4733117
          ],
          [
            6.0975058,
            52.4723372
          ],
          [
            6.0987056,
            52.471372
          ],
          [
            6.0995432,
            52.4706227
          ],
          [
            6.1003204,
            52.4698137
          ],
          [
            6.1010071,
            52.4688713
          ],
          [
            6.1016258,
            52.4678508
          ],
          [
            6.1020408,
            52.4670142
          ],
          [
            6.1022068,
            52.4662281
          ],
          [
            6.1022295,
            52.4653086
          ],
          [
            6.1021918,
            52.4643616
          ],
          [
            6.1021616,
            52.4633088
          ],
          [
            6.1022672,
            52.4616537
          ],
          [
            6.1023427,
            52.4609824
          ],
          [
            6.1024898,
            52.4605019
          ],
          [
            6.1027124,
            52.4599824
          ],
          [
            6.1031803,
            52.459026
          ],
          [
            6.1034217,
            52.4584191
          ],
          [
            6.1039009,
            52.45635
          ],
          [
            6.1040782,
            52.4550418
          ],
          [
            6.1041159,
            52.4535059
          ],
          [
            6.1040028,
            52.4524896
          ],
          [
            6.1035802,
            52.4511468
          ],
          [
            6.1028407,
            52.4494407
          ],
          [
            6.1025879,
            52.4488842
          ],
          [
            6.1023955,
            52.4483093
          ],
          [
            6.1022106,
            52.4476517
          ],
          [
            6.1021465,
            52.4471664
          ],
          [
            6.1021918,
            52.4466697
          ],
          [
            6.1022748,
            52.4462328
          ],
          [
            6.1025502,
            52.4455314
          ],
          [
            6.1030029,
            52.4447656
          ],
          [
            6.1034595,
            52.4441631
          ],
          [
            6.1041801,
            52.443395
          ],
          [
            6.1047008,
            52.4429511
          ],
          [
            6.1055082,
            52.442413
          ],
          [
            6.1066023,
            52.4419323
          ],
          [
            6.1076361,
            52.4415436
          ],
          [
            6.1087038,
            52.4411573
          ],
          [
            6.1095716,
            52.4408261
          ],
          [
            6.1104696,
            52.4404351
          ],
          [
            6.1112166,
            52.4401039
          ],
          [
            6.1120768,
            52.4396531
          ],
          [
            6.1128389,
            52.4391977
          ],
          [
            6.1136539,
            52.4386411
          ],
          [
            6.1143179,
            52.4380983
          ],
          [
            6.1149367,
            52.4375647
          ],
          [
            6.1155479,
            52.4369897
          ],
          [
            6.1172004,
            52.4353658
          ],
          [
            6.1186115,
            52.4340685
          ],
          [
            6.1211997,
            52.4317911
          ],
          [
            6.1226636,
            52.4305535
          ],
          [
            6.124203,
            52.4294723
          ],
          [
            6.1258555,
            52.4282576
          ],
          [
            6.1271761,
            52.4271626
          ],
          [
            6.1279986,
            52.4264402
          ],
          [
            6.1290474,
            52.4254048
          ],
          [
            6.1297341,
            52.424526
          ],
          [
            6.1303076,
            52.4235228
          ],
          [
            6.1314696,
            52.4210149
          ],
          [
            6.1318922,
            52.4202648
          ],
          [
            6.1326242,
            52.4191603
          ],
          [
            6.133507,
            52.4179223
          ],
          [
            6.1340579,
            52.4170203
          ],
          [
            6.1345333,
            52.4162333
          ],
          [
            6.1350766,
            52.4150366
          ],
          [
            6.135484,
            52.4139597
          ],
          [
            6.1356576,
            52.4131082
          ],
          [
            6.1355746,
            52.4122152
          ],
          [
            6.1353784,
            52.411442
          ],
          [
            6.1350464,
            52.4106226
          ],
          [
            6.1334089,
            52.4079943
          ],
          [
            6.1330165,
            52.4072531
          ],
          [
            6.1325374,
            52.4063302
          ],
          [
            6.1318092,
            52.404689
          ],
          [
            6.1316357,
            52.4039755
          ],
          [
            6.1315753,
            52.403179
          ],
          [
            6.1314696,
            52.4017242
          ],
          [
            6.1312282,
            52.4004121
          ],
          [
            6.1309641,
            52.3996202
          ],
          [
            6.1305264,
            52.3986764
          ],
          [
            6.1301567,
            52.3981054
          ],
          [
            6.1296964,
            52.3975161
          ],
          [
            6.1282325,
            52.3962591
          ],
          [
            6.1274703,
            52.39555
          ],
          [
            6.1268818,
            52.3949606
          ],
          [
            6.1261423,
            52.3939292
          ],
          [
            6.1256744,
            52.3928056
          ],
          [
            6.1254933,
            52.3920688
          ],
          [
            6.1253726,
            52.3914149
          ],
          [
            6.1255537,
            52.3902913
          ],
          [
            6.1257348,
            52.3895176
          ],
          [
            6.1261121,
            52.3885506
          ],
          [
            6.1265648,
            52.3871597
          ],
          [
            6.126595,
            52.3861189
          ],
          [
            6.1265988,
            52.3856768
          ],
          [
            6.1264969,
            52.3848224
          ],
          [
            6.1262102,
            52.3840487
          ],
          [
            6.1257046,
            52.3831437
          ],
          [
            6.1252028,
            52.3824574
          ],
          [
            6.1245916,
            52.3817918
          ],
          [
            6.1239917,
            52.3812437
          ],
          [
            6.1234899,
            52.3808107
          ],
          [
            6.1228259,
            52.3803386
          ],
          [
            6.1220826,
            52.3798273
          ],
          [
            6.1212148,
            52.3793368
          ],
          [
            6.1202754,
            52.3788623
          ],
          [
            6.1193661,
            52.378457
          ],
          [
            6.1183512,
            52.3781161
          ],
          [
            6.117291,
            52.3778098
          ],
          [
            6.1159139,
            52.377485
          ],
          [
            6.1144085,
            52.3772017
          ],
          [
            6.1131936,
            52.3769944
          ],
          [
            6.1099413,
            52.3764785
          ],
          [
            6.104863,
            52.3756355
          ],
          [
            6.1020484,
            52.3751656
          ],
          [
            6.1006675,
            52.3748432
          ],
          [
            6.0996262,
            52.3745391
          ],
          [
            6.0983811,
            52.3742259
          ],
          [
            6.0963362,
            52.3737882
          ],
          [
            6.0951968,
            52.3735625
          ],
          [
            6.0933178,
            52.3732262
          ],
          [
            6.0915597,
            52.3729544
          ],
          [
            6.090058,
            52.3727747
          ],
          [
            6.0878018,
            52.3726457
          ],
          [
            6.086685,
            52.3726043
          ],
          [
            6.0853419,
            52.3724983
          ],
          [
            6.0837346,
            52.3722311
          ],
          [
            6.0822858,
            52.3718395
          ],
          [
            6.0807842,
            52.3711807
          ],
          [
            6.0796146,
            52.3704021
          ],
          [
            6.0790675,
            52.3699091
          ],
          [
            6.0786185,
            52.3693425
          ],
          [
            6.0780979,
            52.3682459
          ],
          [
            6.0777809,
            52.3672046
          ],
          [
            6.0777281,
            52.3663753
          ],
          [
            6.0778413,
            52.3651589
          ],
          [
            6.0788,
            52.3638333
          ],
          [
            6.0791139,
            52.3631944
          ],
          [
            6.081218,
            52.3623412
          ],
          [
            6.0826895,
            52.3619633
          ],
          [
            6.085772,
            52.3617583
          ],
          [
            6.0869491,
            52.3616845
          ],
          [
            6.0880206,
            52.3615371
          ],
          [
            6.0891072,
            52.3613251
          ],
          [
            6.0901486,
            52.3609933
          ],
          [
            6.0911446,
            52.3606154
          ],
          [
            6.0920049,
            52.3601638
          ],
          [
            6.0928349,
            52.3596569
          ],
          [
            6.0935895,
            52.3590486
          ],
          [
            6.0942233,
            52.3584219
          ],
          [
            6.0946308,
            52.3577767
          ],
          [
            6.0951892,
            52.3569287
          ],
          [
            6.0955967,
            52.3561914
          ],
          [
            6.0960494,
            52.355454
          ],
          [
            6.0964418,
            52.3547719
          ],
          [
            6.0970455,
            52.3539884
          ],
          [
            6.0974831,
            52.3534538
          ],
          [
            6.0980868,
            52.3528362
          ],
          [
            6.0985396,
            52.3523107
          ],
          [
            6.0996828,
            52.3513244
          ],
          [
            6.1003845,
            52.3508197
          ],
          [
            6.1010259,
            52.3503795
          ],
          [
            6.1016636,
            52.3499001
          ],
          [
            6.1024634,
            52.3492525
          ],
          [
            6.1031274,
            52.3487294
          ],
          [
            6.1036745,
            52.3481901
          ],
          [
            6.104199,
            52.3475332
          ],
          [
            6.1046102,
            52.3468118
          ],
          [
            6.1049045,
            52.3461814
          ],
          [
            6.1050988,
            52.3454831
          ],
          [
            6.1051686,
            52.3447916
          ],
          [
            6.105146,
            52.344099
          ],
          [
            6.1050101,
            52.3433867
          ],
          [
            6.104697,
            52.3427114
          ],
          [
            6.1042329,
            52.3420199
          ],
          [
            6.1034972,
            52.3412984
          ],
          [
            6.1026596,
            52.3407175
          ],
          [
            6.1019163,
            52.3402242
          ],
          [
            6.1010288,
            52.3397459
          ],
          [
            6.0993998,
            52.3388826
          ],
          [
            6.0985433,
            52.3383962
          ],
          [
            6.0978906,
            52.337995
          ],
          [
            6.0971889,
            52.3375363
          ],
          [
            6.0965097,
            52.3369853
          ],
          [
            6.0959061,
            52.3364113
          ],
          [
            6.0954269,
            52.3358626
          ],
          [
            6.0950308,
            52.3352817
          ],
          [
            6.0946535,
            52.3346869
          ],
          [
            6.0943592,
            52.3340344
          ],
          [
            6.0941743,
            52.3334258
          ],
          [
            6.0940191,
            52.3327093
          ],
          [
            6.0939555,
            52.3320886
          ],
          [
            6.0939592,
            52.3314243
          ],
          [
            6.0939932,
            52.3308505
          ],
          [
            6.0940837,
            52.330108
          ],
          [
            6.0941932,
            52.3293195
          ],
          [
            6.0943441,
            52.3285886
          ],
          [
            6.0944988,
            52.3278254
          ],
          [
            6.0945327,
            52.3271313
          ],
          [
            6.0945214,
            52.3263335
          ],
          [
            6.0943629,
            52.3256117
          ],
          [
            6.0940196,
            52.3246894
          ],
          [
            6.0936197,
            52.323993
          ],
          [
            6.0932499,
            52.3233035
          ],
          [
            6.0929179,
            52.3226647
          ],
          [
            6.0927896,
            52.3221712
          ],
          [
            6.092733,
            52.3216777
          ],
          [
            6.0927293,
            52.3212211
          ],
          [
            6.0928085,
            52.3207391
          ],
          [
            6.0929443,
            52.3202617
          ],
          [
            6.093182,
            52.3197589
          ],
          [
            6.0935895,
            52.3191178
          ],
          [
            6.0943063,
            52.3182829
          ],
          [
            6.095242,
            52.3173696
          ],
          [
            6.0962305,
            52.3166132
          ],
          [
            6.0973624,
            52.3159166
          ],
          [
            6.0988942,
            52.3151417
          ],
          [
            6.0999657,
            52.3145512
          ],
          [
            6.1010901,
            52.3138546
          ],
          [
            6.1017767,
            52.313218
          ],
          [
            6.1022974,
            52.3126783
          ],
          [
            6.10272,
            52.3120647
          ],
          [
            6.1030822,
            52.3113958
          ],
          [
            6.1033085,
            52.3107223
          ],
          [
            6.1033953,
            52.310164
          ],
          [
            6.103384,
            52.3095343
          ],
          [
            6.103335,
            52.3089876
          ],
          [
            6.1029388,
            52.3077465
          ],
          [
            6.1020861,
            52.3061686
          ],
          [
            6.1018824,
            52.3055596
          ],
          [
            6.1016183,
            52.3047199
          ],
          [
            6.10149,
            52.3036632
          ],
          [
            6.10149,
            52.3023759
          ],
          [
            6.1016183,
            52.3014577
          ],
          [
            6.1020257,
            52.3005071
          ],
          [
            6.1025917,
            52.2997457
          ],
          [
            6.1031878,
            52.2991089
          ],
          [
            6.1038066,
            52.2985967
          ],
          [
            6.1044253,
            52.2978906
          ],
          [
            6.104863,
            52.297203
          ],
          [
            6.105112,
            52.2965062
          ],
          [
            6.1052327,
            52.2958416
          ],
          [
            6.1054365,
            52.2946787
          ],
          [
            6.1055572,
            52.2941249
          ],
          [
            6.1058666,
            52.2935018
          ],
          [
            6.1064929,
            52.2926572
          ],
          [
            6.1072777,
            52.2918588
          ],
          [
            6.1081152,
            52.2912911
          ],
          [
            6.1095414,
            52.2903265
          ],
          [
            6.1104318,
            52.2895926
          ],
          [
            6.1111789,
            52.2887756
          ],
          [
            6.1117071,
            52.287871
          ],
          [
            6.1119938,
            52.2870124
          ],
          [
            6.1121145,
            52.2862046
          ],
          [
            6.1120542,
            52.2854061
          ],
          [
            6.1116014,
            52.2824333
          ],
          [
            6.1115637,
            52.2816485
          ],
          [
            6.1116316,
            52.2808775
          ],
          [
            6.1118429,
            52.2800327
          ],
          [
            6.1121296,
            52.2792756
          ],
          [
            6.1127409,
            52.2782507
          ],
          [
            6.1135709,
            52.2772996
          ],
          [
            6.1146122,
            52.2764547
          ],
          [
            6.1155102,
            52.2759099
          ],
          [
            6.1191095,
            52.2739153
          ],
          [
            6.1210564,
            52.2725579
          ],
          [
            6.122309,
            52.271265
          ],
          [
            6.1231994,
            52.2699074
          ],
          [
            6.1236069,
            52.2686052
          ],
          [
            6.123788,
            52.2672476
          ],
          [
            6.1238634,
            52.2657329
          ],
          [
            6.1240898,
            52.2650586
          ],
          [
            6.1243049,
            52.2645506
          ],
          [
            6.1245501,
            52.2641604
          ],
          [
            6.1250293,
            52.2636062
          ],
          [
            6.1255311,
            52.2631398
          ],
          [
            6.1261196,
            52.2626779
          ],
          [
            6.1269535,
            52.2621676
          ],
          [
            6.1279118,
            52.2617011
          ],
          [
            6.1289342,
            52.2613293
          ],
          [
            6.1316658,
            52.2605326
          ],
          [
            6.1341484,
            52.2599322
          ],
          [
            6.1363443,
            52.2593641
          ],
          [
            6.1380647,
            52.2588422
          ],
          [
            6.1398003,
            52.2582787
          ],
          [
            6.1421772,
            52.2574565
          ],
          [
            6.1444259,
            52.2565466
          ],
          [
            6.1466368,
            52.2555073
          ],
          [
            6.1480252,
            52.2547683
          ],
          [
            6.1495556,
            52.2539889
          ],
          [
            6.1498361,
            52.2538167
          ],
          [
            6.150787,
            52.2528882
          ],
          [
            6.1522358,
            52.2517056
          ],
          [
            6.1530659,
            52.2510774
          ],
          [
            6.1538506,
            52.2506246
          ],
          [
            6.1546354,
            52.2503013
          ],
          [
            6.1558352,
            52.2499964
          ],
          [
            6.1570274,
            52.2497053
          ],
          [
            6.1588384,
            52.2491509
          ],
          [
            6.1602344,
            52.2486566
          ],
          [
            6.1615776,
            52.2480838
          ],
          [
            6.1627019,
            52.2474555
          ],
          [
            6.1635772,
            52.2466885
          ],
          [
            6.164279,
            52.2458246
          ],
          [
            6.1645506,
            52.2451824
          ],
          [
            6.1646412,
            52.2445679
          ],
          [
            6.164611,
            52.2439349
          ],
          [
            6.1644299,
            52.2432511
          ],
          [
            6.1641356,
            52.2425118
          ],
          [
            6.1636829,
            52.2417864
          ],
          [
            6.1622643,
            52.2397625
          ],
          [
            6.161721,
            52.2389631
          ],
          [
            6.1613135,
            52.2380944
          ],
          [
            6.1611173,
            52.2373227
          ],
          [
            6.1610871,
            52.2364262
          ],
          [
            6.1613286,
            52.2354512
          ],
          [
            6.1618191,
            52.2345777
          ],
          [
            6.1623624,
            52.2339354
          ],
          [
            6.1630868,
            52.2332514
          ],
          [
            6.1640375,
            52.2325397
          ],
          [
            6.1651468,
            52.2319204
          ],
          [
            6.1692064,
            52.2300995
          ],
          [
            6.1699912,
            52.2296327
          ],
          [
            6.1707911,
            52.2290688
          ],
          [
            6.1716989,
            52.2282211
          ],
          [
            6.1731833,
            52.2272222
          ],
          [
            6.1740639,
            52.2265528
          ],
          [
            6.1742244,
            52.2261246
          ],
          [
            6.1752167,
            52.2256647
          ],
          [
            6.1761109,
            52.2253573
          ],
          [
            6.1784048,
            52.2246639
          ],
          [
            6.1792198,
            52.2243311
          ],
          [
            6.1800008,
            52.2239567
          ],
          [
            6.180778,
            52.2235199
          ],
          [
            6.1815741,
            52.2228658
          ],
          [
            6.18214,
            52.2223573
          ],
          [
            6.1827211,
            52.2217448
          ],
          [
            6.1832342,
            52.2213357
          ],
          [
            6.1839623,
            52.2208457
          ],
          [
            6.1857847,
            52.2198148
          ],
          [
            6.187158,
            52.2191723
          ],
          [
            6.1877655,
            52.2188255
          ],
          [
            6.1883088,
            52.2184684
          ],
          [
            6.1892331,
            52.2177576
          ],
          [
            6.1898972,
            52.217078
          ],
          [
            6.1904254,
            52.2162644
          ],
          [
            6.1907649,
            52.215594
          ],
          [
            6.191112,
            52.2144058
          ],
          [
            6.191346,
            52.2135135
          ],
          [
            6.1914818,
            52.212353
          ],
          [
            6.1914818,
            52.2113172
          ],
          [
            6.191263,
            52.210337
          ],
          [
            6.1907649,
            52.2092897
          ],
          [
            6.1903094,
            52.2084978
          ],
          [
            6.189916,
            52.2079002
          ],
          [
            6.1893161,
            52.2072343
          ],
          [
            6.1884634,
            52.2064482
          ],
          [
            6.1873467,
            52.2056205
          ],
          [
            6.1857922,
            52.2047649
          ],
          [
            6.1845547,
            52.2042378
          ],
          [
            6.1833172,
            52.2039233
          ],
          [
            6.1821098,
            52.2037059
          ],
          [
            6.1789934,
            52.2031787
          ],
          [
            6.1775295,
            52.2027995
          ],
          [
            6.1763071,
            52.2024296
          ],
          [
            6.1751677,
            52.2018931
          ],
          [
            6.1739603,
            52.2014676
          ],
          [
            6.1727756,
            52.2011578
          ],
          [
            6.1714476,
            52.2009219
          ],
          [
            6.1700667,
            52.2007693
          ],
          [
            6.1683764,
            52.2007693
          ],
          [
            6.1666031,
            52.2009265
          ],
          [
            6.1648374,
            52.2010421
          ],
          [
            6.1623028,
            52.2009361
          ],
          [
            6.161283,
            52.200683
          ],
          [
            6.1592437,
            52.1997595
          ],
          [
            6.1577567,
            52.1983981
          ],
          [
            6.1572312,
            52.1977076
          ],
          [
            6.1566652,
            52.1959823
          ],
          [
            6.156767,
            52.194283
          ],
          [
            6.1569411,
            52.1935434
          ],
          [
            6.1572094,
            52.1928555
          ],
          [
            6.1580034,
            52.1915557
          ],
          [
            6.158197,
            52.1912481
          ],
          [
            6.1588309,
            52.1907554
          ],
          [
            6.1595291,
            52.1903727
          ],
          [
            6.1604457,
            52.1900129
          ],
          [
            6.1613437,
            52.1897516
          ],
          [
            6.1622944,
            52.1897007
          ],
          [
            6.1634716,
            52.1897932
          ],
          [
            6.1648978,
            52.189969
          ],
          [
            6.16609,
            52.1900291
          ],
          [
            6.167154,
            52.1899551
          ],
          [
            6.1681877,
            52.1897655
          ],
          [
            6.1692743,
            52.1894555
          ],
          [
            6.1701044,
            52.1891641
          ],
          [
            6.170859,
            52.1887801
          ],
          [
            6.1716287,
            52.1882389
          ],
          [
            6.1728284,
            52.1873969
          ],
          [
            6.1744734,
            52.1861478
          ],
          [
            6.1765636,
            52.1846303
          ],
          [
            6.1779445,
            52.1835246
          ],
          [
            6.1793707,
            52.1824882
          ],
          [
            6.1809402,
            52.1816693
          ],
          [
            6.1826456,
            52.1811279
          ],
          [
            6.1846981,
            52.1806791
          ],
          [
            6.1867732,
            52.1803275
          ],
          [
            6.188056,
            52.1800267
          ],
          [
            6.189052,
            52.1797399
          ],
          [
            6.1897425,
            52.1794669
          ],
          [
            6.1906178,
            52.1790666
          ],
          [
            6.1914252,
            52.1786432
          ],
          [
            6.192259,
            52.1780995
          ],
          [
            6.192991,
            52.1774934
          ],
          [
            6.1935456,
            52.1768872
          ],
          [
            6.1939719,
            52.1763088
          ],
          [
            6.1943153,
            52.1756494
          ],
          [
            6.194519,
            52.1749877
          ],
          [
            6.1946435,
            52.1743491
          ],
          [
            6.1946209,
            52.1736364
          ],
          [
            6.1945152,
            52.1729469
          ],
          [
            6.1943153,
            52.1722388
          ],
          [
            6.1938889,
            52.1707255
          ],
          [
            6.193532,
            52.169998
          ],
          [
            6.193439,
            52.16983
          ],
          [
            6.193202,
            52.169437
          ],
          [
            6.193057,
            52.16922
          ],
          [
            6.192905,
            52.169006
          ],
          [
            6.192747,
            52.168797
          ],
          [
            6.192564,
            52.168571
          ],
          [
            6.192417,
            52.1684
          ],
          [
            6.192389,
            52.168365
          ],
          [
            6.192264,
            52.168228
          ]
        ]
      },
      "id": "way/259169101"
    },
    {
      "type": "Feature",
      "properties": {
        "@id": "way/407256600",
        "CEMT": "II",
        "name": "Oude IJssel",
        "waterway": "canal"
      },
      "geometry": {
        "type": "LineString",
        "coordinates": [
          [
            6.1311451,
            52.0073629
          ],
          [
            6.1310385,
            52.0073797
          ],
          [
            6.1285014,
            52.0077923
          ],
          [
            6.1281153,
            52.0081334
          ],
          [
            6.128093,
            52.0083755
          ],
          [
            6.1288499,
            52.0098417
          ]
        ]
      },
      "id": "way/407256600"
    },
    {
      "type": "Feature",
      "properties": {
        "@id": "way/407376542",
        "CEMT": "II",
        "description": "! schlechte, unzureichende Befestigungsmöglichkeiten i. d. Sluis",
        "lock": "yes",
        "lock_name": "Sluis Doesburg",
        "maxlength": "59",
        "maxwidth": "8",
        "name": "Oude IJssel",
        "opening_hours": "Mo-Sa 07:00-12:00,12:45-18:30, Su 10:00-12:30,13:00-17:30; PH off",
        "phone": "+31 313 472 570",
        "seamark:name": "Sluis Doesburg",
        "seamark:type": "lock_basin",
        "vhf": "20",
        "waterway": "canal",
        "wikidata": "Q130704487"
      },
      "geometry": {
        "type": "LineString",
        "coordinates": [
          [
            6.1320157,
            52.0072539
          ],
          [
            6.1311451,
            52.0073629
          ]
        ]
      },
      "id": "way/407376542"
    },
    {
      "type": "Feature",
      "properties": {
        "@id": "way/409757326",
        "CEMT": "Va",
        "name": "IJssel",
        "name:de": "IJssel",
        "name:en": "IJssel",
        "name:es": "Río IJssel",
        "name:fy": "Isel",
        "name:nl": "IJssel",
        "operator": "Rijkswaterstaat",
        "waterway": "river"
      },
      "geometry": {
        "type": "LineString",
        "coordinates": [
          [
            5.9534701,
            51.9500636
          ],
          [
            5.9514929,
            51.9522059
          ],
          [
            5.9508331,
            51.9529552
          ],
          [
            5.9502063,
            51.9540098
          ],
          [
            5.9499633,
            51.9546522
          ],
          [
            5.9495087,
            51.9563861
          ],
          [
            5.9494348,
            51.957456
          ],
          [
            5.9496,
            51.9590282
          ],
          [
            5.9498014,
            51.960007
          ],
          [
            5.9500284,
            51.960707
          ],
          [
            5.9505064,
            51.9616934
          ],
          [
            5.9513234,
            51.9630288
          ],
          [
            5.9516099,
            51.9634154
          ],
          [
            5.9517823,
            51.9636468
          ],
          [
            5.9534202,
            51.9654546
          ],
          [
            5.9538461,
            51.9657671
          ],
          [
            5.9547146,
            51.9665539
          ],
          [
            5.9557129,
            51.9672502
          ],
          [
            5.956022,
            51.9675273
          ],
          [
            5.9587644,
            51.9691948
          ],
          [
            5.9592206,
            51.9694283
          ],
          [
            5.9594563,
            51.9695489
          ],
          [
            5.960156,
            51.9699071
          ],
          [
            5.9609204,
            51.9702197
          ],
          [
            5.9625685,
            51.9707942
          ],
          [
            5.9643067,
            51.971289
          ],
          [
            5.9664378,
            51.9717819
          ],
          [
            5.9683338,
            51.9720961
          ],
          [
            5.9717717,
            51.9723577
          ],
          [
            5.9742346,
            51.9726151
          ],
          [
            5.9747668,
            51.9727214
          ],
          [
            5.97654,
            51.973071
          ],
          [
            5.9771008,
            51.973194
          ],
          [
            5.9784539,
            51.9735148
          ],
          [
            5.9804884,
            51.9738581
          ],
          [
            5.9821257,
            51.9739751
          ],
          [
            5.9836324,
            51.9740573
          ],
          [
            5.9853577,
            51.9740691
          ],
          [
            5.9883147,
            51.9742158
          ],
          [
            5.9888652,
            51.9742904
          ],
          [
            5.9899768,
            51.974441
          ],
          [
            5.9915633,
            51.9747463
          ],
          [
            5.9928344,
            51.9751083
          ],
          [
            5.9941017,
            51.9755259
          ],
          [
            5.9951443,
            51.9758694
          ],
          [
            5.9968412,
            51.9764988
          ],
          [
            5.997796,
            51.9769165
          ],
          [
            5.9988919,
            51.9774589
          ],
          [
            5.99995,
            51.9781994
          ],
          [
            6.0006877,
            51.9789236
          ],
          [
            6.0009153,
            51.9792023
          ],
          [
            6.001265,
            51.9796307
          ],
          [
            6.0019077,
            51.9804704
          ],
          [
            6.0025312,
            51.9815313
          ],
          [
            6.0031373,
            51.9826797
          ],
          [
            6.0039294,
            51.9839931
          ],
          [
            6.0044853,
            51.9852486
          ],
          [
            6.0047895,
            51.9861907
          ],
          [
            6.0051033,
            51.9877391
          ],
          [
            6.00547,
            51.9890904
          ],
          [
            6.0060123,
            51.9904089
          ],
          [
            6.0065204,
            51.991359
          ],
          [
            6.0072022,
            51.9922272
          ],
          [
            6.0086012,
            51.993559
          ],
          [
            6.0087514,
            51.993702
          ],
          [
            6.0100013,
            51.9945853
          ],
          [
            6.0108676,
            51.995102
          ],
          [
            6.0117058,
            51.9955255
          ],
          [
            6.0119526,
            51.9956446
          ],
          [
            6.0132712,
            51.9962218
          ],
          [
            6.014486,
            51.9966647
          ],
          [
            6.015849,
            51.9970124
          ],
          [
            6.0166955,
            51.9971517
          ],
          [
            6.017818,
            51.9972446
          ],
          [
            6.0193612,
            51.9972183
          ],
          [
            6.0208296,
            51.9970576
          ],
          [
            6.0242974,
            51.996185
          ],
          [
            6.0251887,
            51.9960582
          ],
          [
            6.0259395,
            51.9959514
          ],
          [
            6.0269294,
            51.995937
          ],
          [
            6.0290137,
            51.9960784
          ],
          [
            6.030371,
            51.9962957
          ],
          [
            6.0319201,
            51.9966917
          ],
          [
            6.0330477,
            51.997135
          ],
          [
            6.033737,
            51.9974728
          ],
          [
            6.0360859,
            51.9987901
          ],
          [
            6.036922,
            51.9992079
          ],
          [
            6.0377879,
            51.9995954
          ],
          [
            6.0382118,
            51.9997851
          ],
          [
            6.0398368,
            52.0003693
          ],
          [
            6.0409795,
            52.0008393
          ],
          [
            6.0420357,
            52.0013638
          ],
          [
            6.0425505,
            52.0017115
          ],
          [
            6.0432286,
            52.0022739
          ],
          [
            6.0440263,
            52.0030425
          ],
          [
            6.0447102,
            52.0040004
          ],
          [
            6.0448449,
            52.0042424
          ],
          [
            6.0451812,
            52.0053281
          ],
          [
            6.0453022,
            52.006174
          ],
          [
            6.045311,
            52.0062352
          ],
          [
            6.0454416,
            52.0066995
          ],
          [
            6.0454801,
            52.0068365
          ],
          [
            6.0457219,
            52.0074373
          ],
          [
            6.0459154,
            52.0077149
          ],
          [
            6.0464047,
            52.0083054
          ],
          [
            6.0473066,
            52.0092172
          ],
          [
            6.0483371,
            52.0099575
          ],
          [
            6.0490419,
            52.01034
          ],
          [
            6.0536576,
            52.0121926
          ],
          [
            6.0552926,
            52.0129931
          ],
          [
            6.0575609,
            52.0141029
          ],
          [
            6.0590982,
            52.0146244
          ],
          [
            6.0607779,
            52.0149204
          ],
          [
            6.0622511,
            52.0150468
          ],
          [
            6.0639122,
            52.0150732
          ],
          [
            6.0643991,
            52.0150538
          ],
          [
            6.0661129,
            52.0147318
          ],
          [
            6.0673096,
            52.0144258
          ],
          [
            6.0681418,
            52.0141516
          ],
          [
            6.0685577,
            52.0140042
          ],
          [
            6.068728,
            52.0139433
          ],
          [
            6.0698629,
            52.0134354
          ],
          [
            6.0705799,
            52.0131146
          ],
          [
            6.072491,
            52.0123484
          ],
          [
            6.0742882,
            52.0117627
          ],
          [
            6.0752429,
            52.0113257
          ],
          [
            6.0759362,
            52.0109441
          ],
          [
            6.0765273,
            52.0105451
          ],
          [
            6.0771884,
            52.0099659
          ],
          [
            6.0780774,
            52.0090529
          ],
          [
            6.078657,
            52.0079098
          ],
          [
            6.0788288,
            52.0067744
          ],
          [
            6.0787939,
            52.0064061
          ],
          [
            6.0785344,
            52.0056346
          ],
          [
            6.0777954,
            52.0039851
          ],
          [
            6.0775076,
            52.0028743
          ],
          [
            6.0775368,
            52.0023237
          ],
          [
            6.0778829,
            52.0011622
          ],
          [
            6.0789144,
            52.0000595
          ],
          [
            6.0795954,
            51.9995073
          ],
          [
            6.0809137,
            51.9984478
          ],
          [
            6.0811717,
            51.9981856
          ],
          [
            6.0816299,
            51.9976796
          ],
          [
            6.082231,
            51.9968961
          ],
          [
            6.0830429,
            51.9958377
          ],
          [
            6.0837468,
            51.9952223
          ],
          [
            6.0844525,
            51.9947237
          ],
          [
            6.0856365,
            51.9940785
          ],
          [
            6.0869094,
            51.9935407
          ],
          [
            6.0877061,
            51.9932753
          ],
          [
            6.0882505,
            51.9931416
          ],
          [
            6.0898855,
            51.9929198
          ],
          [
            6.0911529,
            51.9928261
          ],
          [
            6.0935057,
            51.9927954
          ],
          [
            6.0951062,
            51.9929705
          ],
          [
            6.0981005,
            51.9934196
          ],
          [
            6.1011868,
            51.9940697
          ],
          [
            6.1023064,
            51.9942967
          ],
          [
            6.1068732,
            51.9953153
          ],
          [
            6.1084938,
            51.9959742
          ],
          [
            6.1092836,
            51.9963225
          ],
          [
            6.1095474,
            51.9964287
          ],
          [
            6.110978,
            51.9975525
          ],
          [
            6.1124743,
            51.9991342
          ],
          [
            6.1128806,
            51.9997014
          ],
          [
            6.113053,
            52.0000615
          ],
          [
            6.11344,
            52.0012136
          ],
          [
            6.1134441,
            52.0014652
          ],
          [
            6.1139584,
            52.0026485
          ],
          [
            6.1147022,
            52.0036147
          ],
          [
            6.1153235,
            52.0042041
          ],
          [
            6.116723,
            52.0051841
          ],
          [
            6.1174719,
            52.005557
          ],
          [
            6.1188053,
            52.0060521
          ],
          [
            6.1209718,
            52.0067049
          ],
          [
            6.1224099,
            52.0073779
          ],
          [
            6.1241319,
            52.0084637
          ],
          [
            6.1252682,
            52.0093644
          ],
          [
            6.1265492,
            52.0110821
          ],
          [
            6.1269546,
            52.0118166
          ],
          [
            6.1273486,
            52.01274
          ],
          [
            6.1274656,
            52.0136471
          ],
          [
            6.1274655,
            52.0144701
          ],
          [
            6.1274654,
            52.0153998
          ],
          [
            6.1276761,
            52.0166928
          ],
          [
            6.1278573,
            52.0170782
          ],
          [
            6.1287982,
            52.0184745
          ],
          [
            6.1296794,
            52.019349
          ],
          [
            6.130065,
            52.019802
          ],
          [
            6.1310836,
            52.0209948
          ],
          [
            6.1314882,
            52.0216664
          ],
          [
            6.1319125,
            52.0226524
          ],
          [
            6.1322628,
            52.0244389
          ],
          [
            6.1321553,
            52.0258596
          ],
          [
            6.1319787,
            52.0266338
          ],
          [
            6.1316007,
            52.027562
          ],
          [
            6.131082,
            52.0284327
          ],
          [
            6.1304666,
            52.0294657
          ],
          [
            6.1297091,
            52.0303603
          ],
          [
            6.1278695,
            52.0319089
          ],
          [
            6.1255881,
            52.0331906
          ],
          [
            6.1246944,
            52.0335735
          ],
          [
            6.1237358,
            52.0339842
          ],
          [
            6.1232111,
            52.0341196
          ],
          [
            6.1211369,
            52.0346548
          ],
          [
            6.1178419,
            52.0355145
          ],
          [
            6.1150991,
            52.0364693
          ],
          [
            6.1130671,
            52.0379483
          ],
          [
            6.1116615,
            52.0394431
          ],
          [
            6.110969,
            52.040634
          ],
          [
            6.1108209,
            52.041571
          ],
          [
            6.110784,
            52.0418045
          ],
          [
            6.111278,
            52.0439791
          ],
          [
            6.1121601,
            52.0455934
          ],
          [
            6.113564,
            52.0472529
          ],
          [
            6.1159144,
            52.0488785
          ],
          [
            6.1172087,
            52.0497341
          ],
          [
            6.1199828,
            52.0513466
          ],
          [
            6.1231519,
            52.0526427
          ],
          [
            6.127309,
            52.0537969
          ],
          [
            6.1318878,
            52.0555429
          ],
          [
            6.1322613,
            52.0557273
          ],
          [
            6.1338204,
            52.0565577
          ],
          [
            6.1353466,
            52.0575188
          ],
          [
            6.1386804,
            52.0604496
          ],
          [
            6.1387441,
            52.0605021
          ],
          [
            6.1402859,
            52.0617722
          ],
          [
            6.1415197,
            52.0623968
          ],
          [
            6.1419154,
            52.0625758
          ],
          [
            6.1451883,
            52.0635676
          ],
          [
            6.1468023,
            52.0641865
          ],
          [
            6.1482081,
            52.0649505
          ],
          [
            6.1497045,
            52.066274
          ],
          [
            6.1510963,
            52.0676776
          ],
          [
            6.1517712,
            52.0681253
          ],
          [
            6.154372,
            52.0693909
          ],
          [
            6.1572106,
            52.0708783
          ],
          [
            6.1601512,
            52.0730569
          ],
          [
            6.1624364,
            52.0739956
          ],
          [
            6.1625769,
            52.0740381
          ],
          [
            6.1662716,
            52.0751563
          ],
          [
            6.169322,
            52.0770647
          ],
          [
            6.1707996,
            52.0791658
          ],
          [
            6.1713104,
            52.0803951
          ],
          [
            6.1718717,
            52.0817099
          ],
          [
            6.1723819,
            52.0842436
          ],
          [
            6.1730075,
            52.0865602
          ],
          [
            6.1734832,
            52.0876624
          ],
          [
            6.1745446,
            52.0893015
          ],
          [
            6.1753482,
            52.0899428
          ],
          [
            6.175677,
            52.0901626
          ],
          [
            6.1759503,
            52.0903537
          ],
          [
            6.1769628,
            52.0909677
          ],
          [
            6.1790002,
            52.0914633
          ],
          [
            6.1811692,
            52.0914629
          ],
          [
            6.1856216,
            52.0911153
          ],
          [
            6.187795,
            52.091152
          ],
          [
            6.1925562,
            52.0918054
          ],
          [
            6.1961461,
            52.0930512
          ],
          [
            6.19879,
            52.0936099
          ],
          [
            6.2005743,
            52.0938203
          ],
          [
            6.202261,
            52.0936938
          ],
          [
            6.2038167,
            52.0934104
          ],
          [
            6.2059075,
            52.0926741
          ],
          [
            6.2070554,
            52.0923633
          ],
          [
            6.2083174,
            52.0922309
          ],
          [
            6.2101933,
            52.09236
          ],
          [
            6.2115273,
            52.0927458
          ],
          [
            6.2126131,
            52.0932706
          ],
          [
            6.213735,
            52.093826
          ],
          [
            6.2146886,
            52.0945747
          ],
          [
            6.2169931,
            52.0964508
          ],
          [
            6.2179492,
            52.0978
          ],
          [
            6.2180054,
            52.0979718
          ],
          [
            6.2184094,
            52.0992067
          ],
          [
            6.2184772,
            52.1002572
          ],
          [
            6.2184884,
            52.1010041
          ],
          [
            6.2183581,
            52.1019882
          ],
          [
            6.2181989,
            52.1032356
          ],
          [
            6.2172367,
            52.1056844
          ],
          [
            6.2148736,
            52.1096841
          ],
          [
            6.2138437,
            52.1104946
          ],
          [
            6.2124165,
            52.1116055
          ],
          [
            6.2099227,
            52.1126431
          ],
          [
            6.2079249,
            52.113257
          ],
          [
            6.2043454,
            52.1137803
          ],
          [
            6.2027704,
            52.1139738
          ],
          [
            6.200965,
            52.1140824
          ],
          [
            6.1988474,
            52.1140713
          ],
          [
            6.1941914,
            52.1139193
          ],
          [
            6.1926325,
            52.1141708
          ],
          [
            6.190945,
            52.1145878
          ],
          [
            6.1896783,
            52.115028
          ],
          [
            6.1885223,
            52.1156248
          ],
          [
            6.1874688,
            52.1163919
          ],
          [
            6.1867403,
            52.1170385
          ],
          [
            6.1865475,
            52.1173347
          ],
          [
            6.1860562,
            52.1181494
          ],
          [
            6.1859519,
            52.1183932
          ],
          [
            6.1858781,
            52.1186124
          ],
          [
            6.185608,
            52.1198406
          ],
          [
            6.1855045,
            52.1205232
          ],
          [
            6.1854814,
            52.1212715
          ],
          [
            6.1855182,
            52.1219811
          ],
          [
            6.1855934,
            52.1224967
          ],
          [
            6.1856852,
            52.1228683
          ],
          [
            6.185805,
            52.1233418
          ],
          [
            6.1859346,
            52.1238886
          ],
          [
            6.1861377,
            52.1243369
          ],
          [
            6.186292,
            52.1246345
          ],
          [
            6.1864141,
            52.1248908
          ],
          [
            6.1865361,
            52.1251261
          ],
          [
            6.1869277,
            52.1256563
          ],
          [
            6.1876197,
            52.1265159
          ],
          [
            6.1884029,
            52.1274413
          ],
          [
            6.1891485,
            52.12837
          ],
          [
            6.1896421,
            52.1290945
          ],
          [
            6.190141,
            52.1299672
          ],
          [
            6.1905218,
            52.1308332
          ],
          [
            6.190892,
            52.1317487
          ],
          [
            6.1911334,
            52.1325785
          ],
          [
            6.1911843,
            52.1329223
          ],
          [
            6.1912453,
            52.1333782
          ],
          [
            6.1912621,
            52.1335038
          ],
          [
            6.1913211,
            52.1343797
          ],
          [
            6.1912997,
            52.1352884
          ],
          [
            6.1912164,
            52.1370195
          ],
          [
            6.1910671,
            52.1381236
          ],
          [
            6.1909873,
            52.1387133
          ],
          [
            6.1906258,
            52.1397138
          ],
          [
            6.1904832,
            52.1400764
          ],
          [
            6.1900363,
            52.1409177
          ]
        ]
      },
      "id": "way/409757326"
    },
    {
      "type": "Feature",
      "properties": {
        "@id": "way/410731740",
        "CEMT": "0",
        "description": "(24 uur van te voren aanvragen)",
        "lock": "yes",
        "lock_name": "Sluis De Pol",
        "maxdraught": "3",
        "maxlength": "59",
        "maxwidth": "7",
        "name": "Oude IJssel",
        "source": "https://www.vaarweginformatie.nl/frp/main/#/geo/detail/LOCK/43399",
        "vhf": "20",
        "waterway": "canal"
      },
      "geometry": {
        "type": "LineString",
        "coordinates": [
          [
            6.3211225,
            51.9342798
          ],
          [
            6.3203984,
            51.9346003
          ]
        ]
      },
      "id": "way/410731740"
    },
    {
      "type": "Feature",
      "properties": {
        "@id": "way/410731741",
        "CEMT": "0",
        "name": "Oude IJssel",
        "name:de": "Alte Issel",
        "name:nl": "Oude IJssel",
        "waterway": "river",
        "wikidata": "Q181067"
      },
      "geometry": {
        "type": "LineString",
        "coordinates": [
          [
            6.3203984,
            51.9346003
          ],
          [
            6.3202348,
            51.9346748
          ],
          [
            6.3200768,
            51.9347452
          ],
          [
            6.3193709,
            51.9350598
          ],
          [
            6.3185403,
            51.9354267
          ],
          [
            6.3183008,
            51.9355059
          ],
          [
            6.3172999,
            51.9358367
          ],
          [
            6.3160332,
            51.936071
          ],
          [
            6.3148192,
            51.9361491
          ],
          [
            6.3141732,
            51.9361691
          ]
        ]
      },
      "id": "way/410731741"
    },
    {
      "type": "Feature",
      "properties": {
        "@id": "way/430414056",
        "CEMT": "Va",
        "name": "IJssel",
        "name:de": "IJssel",
        "name:en": "IJssel",
        "name:es": "Río IJssel",
        "name:fy": "Isel",
        "name:nl": "IJssel",
        "operator": "Rijkswaterstaat",
        "waterway": "river"
      },
      "geometry": {
        "type": "LineString",
        "coordinates": [
          [
            6.1874713,
            52.1450715
          ],
          [
            6.1872931,
            52.1453477
          ],
          [
            6.1864787,
            52.1466103
          ],
          [
            6.1836705,
            52.1495895
          ],
          [
            6.183005,
            52.150311
          ],
          [
            6.1818177,
            52.1524659
          ],
          [
            6.1817071,
            52.1538738
          ],
          [
            6.1823611,
            52.1554044
          ],
          [
            6.184222,
            52.1589826
          ],
          [
            6.1843378,
            52.1592053
          ],
          [
            6.1849228,
            52.1613831
          ],
          [
            6.1850341,
            52.1618857
          ],
          [
            6.1854488,
            52.1630064
          ],
          [
            6.1857945,
            52.1635433
          ],
          [
            6.1861678,
            52.1639812
          ],
          [
            6.186925,
            52.1646412
          ],
          [
            6.1877101,
            52.1652202
          ],
          [
            6.1898376,
            52.1665414
          ],
          [
            6.1905936,
            52.1670701
          ],
          [
            6.1915089,
            52.1679582
          ]
        ]
      },
      "id": "way/430414056"
    },
    {
      "type": "Feature",
      "properties": {
        "@id": "way/430414057",
        "CEMT": "Va",
        "name": "IJssel",
        "name:de": "IJssel",
        "name:en": "IJssel",
        "name:es": "Río IJssel",
        "name:fy": "Isel",
        "name:nl": "IJssel",
        "operator": "Rijkswaterstaat",
        "waterway": "river"
      },
      "geometry": {
        "type": "LineString",
        "coordinates": [
          [
            6.1900363,
            52.1409177
          ],
          [
            6.1895381,
            52.1418462
          ],
          [
            6.1893548,
            52.1421711
          ],
          [
            6.1886703,
            52.143404
          ],
          [
            6.1886137,
            52.1435004
          ],
          [
            6.1874713,
            52.1450715
          ]
        ]
      },
      "id": "way/430414057"
    },
    {
      "type": "Feature",
      "properties": {
        "@id": "way/430414058",
        "CEMT": "Va",
        "name": "IJssel",
        "name:de": "IJssel",
        "name:en": "IJssel",
        "name:es": "Río IJssel",
        "name:fy": "Isel",
        "name:nl": "IJssel",
        "operator": "Rijkswaterstaat",
        "waterway": "river"
      },
      "geometry": {
        "type": "LineString",
        "coordinates": [
          [
            6.1900363,
            52.1409177
          ],
          [
            6.1883118,
            52.1425809
          ],
          [
            6.1879074,
            52.1432267
          ],
          [
            6.1878514,
            52.1433255
          ],
          [
            6.187636,
            52.1437181
          ],
          [
            6.1874713,
            52.1450715
          ]
        ]
      },
      "id": "way/430414058"
    },
    {
      "type": "Feature",
      "properties": {
        "@id": "way/651229765",
        "CEMT": "Va",
        "name": "IJssel",
        "name:de": "IJssel",
        "name:en": "IJssel",
        "name:es": "Río IJssel",
        "name:fy": "Isel",
        "name:nl": "IJssel",
        "operator": "Rijkswaterstaat",
        "waterway": "canal"
      },
      "geometry": {
        "type": "LineString",
        "coordinates": [
          [
            5.9174884,
            52.5610083
          ],
          [
            5.9188908,
            52.5595499
          ],
          [
            5.9204877,
            52.5585659
          ]
        ]
      },
      "id": "way/651229765"
    },
    {
      "type": "Feature",
      "properties": {
        "@id": "way/651229766",
        "CEMT": "Va",
        "name": "IJssel",
        "name:de": "IJssel",
        "name:en": "IJssel",
        "name:es": "Río IJssel",
        "name:fy": "Isel",
        "name:nl": "IJssel",
        "operator": "Rijkswaterstaat",
        "waterway": "canal"
      },
      "geometry": {
        "type": "LineString",
        "coordinates": [
          [
            5.9204877,
            52.5585659
          ],
          [
            5.9196945,
            52.5598923
          ],
          [
            5.9174884,
            52.5610083
          ]
        ]
      },
      "id": "way/651229766"
    },
    {
      "type": "Feature",
      "properties": {
        "@id": "way/651229767",
        "CEMT": "Va",
        "name": "IJssel",
        "name:de": "IJssel",
        "name:en": "IJssel",
        "name:es": "Río IJssel",
        "name:fy": "Isel",
        "name:nl": "IJssel",
        "operator": "Rijkswaterstaat",
        "waterway": "river"
      },
      "geometry": {
        "type": "LineString",
        "coordinates": [
          [
            5.9174884,
            52.5610083
          ],
          [
            5.915517,
            52.5627078
          ],
          [
            5.9151413,
            52.5630071
          ],
          [
            5.9135739,
            52.5641473
          ],
          [
            5.9116515,
            52.565332
          ],
          [
            5.909557,
            52.5662713
          ],
          [
            5.9062336,
            52.5673226
          ],
          [
            5.9028301,
            52.5682693
          ],
          [
            5.8981973,
            52.5691067
          ],
          [
            5.8938909,
            52.5706662
          ],
          [
            5.890024,
            52.5724735
          ],
          [
            5.8880632,
            52.5735324
          ],
          [
            5.8825036,
            52.5763493
          ],
          [
            5.8788867,
            52.5784335
          ],
          [
            5.8767057,
            52.5795625
          ],
          [
            5.8746165,
            52.5803557
          ],
          [
            5.8724961,
            52.5810985
          ],
          [
            5.8704588,
            52.581823
          ],
          [
            5.8681446,
            52.5824132
          ],
          [
            5.8658551,
            52.582969
          ]
        ]
      },
      "id": "way/651229767"
    },
    {
      "type": "Feature",
      "properties": {
        "@id": "way/651229768",
        "CEMT": "Va",
        "name": "IJssel",
        "name:de": "IJssel",
        "name:en": "IJssel",
        "name:es": "Río IJssel",
        "name:fy": "Isel",
        "name:nl": "IJssel",
        "operator": "Rijkswaterstaat",
        "waterway": "river"
      },
      "geometry": {
        "type": "LineString",
        "coordinates": [
          [
            5.9204877,
            52.5585659
          ],
          [
            5.9192962,
            52.5597358
          ],
          [
            5.9174884,
            52.5610083
          ]
        ]
      },
      "id": "way/651229768"
    },
    {
      "type": "Feature",
      "properties": {
        "@id": "way/651229779",
        "CEMT": "Va",
        "name": "IJssel",
        "name:de": "IJssel",
        "name:en": "IJssel",
        "name:es": "Río IJssel",
        "name:fy": "Isel",
        "name:nl": "IJssel",
        "operator": "Rijkswaterstaat",
        "waterway": "river"
      },
      "geometry": {
        "type": "LineString",
        "coordinates": [
          [
            5.8658551,
            52.582969
          ],
          [
            5.8606057,
            52.5825648
          ],
          [
            5.8592369,
            52.5824595
          ],
          [
            5.856189,
            52.5822886
          ],
          [
            5.8542728,
            52.5826022
          ]
        ]
      },
      "id": "way/651229779"
    },
    {
      "type": "Feature",
      "properties": {
        "@id": "way/651229780",
        "CEMT": "Va",
        "name": "IJssel",
        "name:de": "IJssel",
        "name:en": "IJssel",
        "name:es": "Río IJssel",
        "name:fy": "Isel",
        "name:nl": "IJssel",
        "operator": "Rijkswaterstaat",
        "waterway": "river",
        "wikidata": "Q217818"
      },
      "geometry": {
        "type": "LineString",
        "coordinates": [
          [
            5.8542728,
            52.5826022
          ],
          [
            5.8512381,
            52.5819937
          ],
          [
            5.8481141,
            52.5814412
          ],
          [
            5.846478,
            52.5813324
          ],
          [
            5.8451247,
            52.581374
          ],
          [
            5.841785,
            52.5817624
          ]
        ]
      },
      "id": "way/651229780"
    },
    {
      "type": "Feature",
      "properties": {
        "@id": "way/652032923",
        "CEMT": "II",
        "name": "Oude IJssel",
        "waterway": "river"
      },
      "geometry": {
        "type": "LineString",
        "coordinates": [
          [
            6.1287982,
            52.0121406
          ],
          [
            6.1273486,
            52.01274
          ]
        ]
      },
      "id": "way/652032923"
    },
    {
      "type": "Feature",
      "properties": {
        "@id": "way/652032924",
        "CEMT": "II",
        "name": "Oude IJssel",
        "name:de": "Alte Issel",
        "name:nl": "Oude IJssel",
        "waterway": "canal"
      },
      "geometry": {
        "type": "LineString",
        "coordinates": [
          [
            6.1357486,
            52.0068257
          ],
          [
            6.1320157,
            52.0072539
          ]
        ]
      },
      "id": "way/652032924"
    },
    {
      "type": "Feature",
      "properties": {
        "@id": "way/652032925",
        "boat": "no",
        "name": "Oude IJssel",
        "waterway": "river"
      },
      "geometry": {
        "type": "LineString",
        "coordinates": [
          [
            6.1316644,
            52.0078537
          ],
          [
            6.1314288,
            52.0079091
          ],
          [
            6.1308981,
            52.0080238
          ],
          [
            6.1305091,
            52.0082154
          ],
          [
            6.1301661,
            52.0087542
          ],
          [
            6.129702,
            52.0090387
          ],
          [
            6.1288499,
            52.0098417
          ]
        ]
      },
      "id": "way/652032925"
    },
    {
      "type": "Feature",
      "properties": {
        "@id": "way/730781073"
      },
      "geometry": {
        "type": "LineString",
        "coordinates": [
          [
            6.192264,
            52.168228
          ],
          [
            6.190979,
            52.167137
          ],
          [
            6.190818,
            52.167019
          ],
          [
            6.190742,
            52.166962
          ],
          [
            6.190502,
            52.166786
          ],
          [
            6.190058,
            52.166477
          ],
          [
            6.189806,
            52.166313
          ],
          [
            6.189601,
            52.16618
          ],
          [
            6.189552,
            52.166149
          ],
          [
            6.189551,
            52.166149
          ],
          [
            6.189372,
            52.166035
          ],
          [
            6.189295,
            52.165989
          ],
          [
            6.189034,
            52.165825
          ],
          [
            6.188584,
            52.165554
          ],
          [
            6.188321,
            52.165401
          ],
          [
            6.188066,
            52.165249
          ],
          [
            6.187822,
            52.165092
          ],
          [
            6.187563,
            52.164909
          ],
          [
            6.187334,
            52.164742
          ],
          [
            6.187113,
            52.164566
          ],
          [
            6.186903,
            52.164391
          ],
          [
            6.186704,
            52.164211
          ],
          [
            6.186438,
            52.163952
          ],
          [
            6.186262,
            52.163761
          ],
          [
            6.1861,
            52.16357
          ],
          [
            6.185956,
            52.163376
          ],
          [
            6.185784,
            52.163094
          ],
          [
            6.18568,
            52.162888
          ],
          [
            6.185615,
            52.162739
          ],
          [
            6.185586,
            52.162674
          ],
          [
            6.185497,
            52.16246
          ],
          [
            6.1854,
            52.162197
          ],
          [
            6.185385,
            52.162155
          ],
          [
            6.185328,
            52.161983
          ],
          [
            6.185265,
            52.161766
          ],
          [
            6.185188,
            52.161434
          ],
          [
            6.18515,
            52.161213
          ],
          [
            6.185112,
            52.160988
          ],
          [
            6.18507,
            52.160763
          ],
          [
            6.185026,
            52.160534
          ],
          [
            6.184958,
            52.160149
          ],
          [
            6.184946,
            52.160084
          ],
          [
            6.184902,
            52.159859
          ],
          [
            6.184851,
            52.159634
          ],
          [
            6.18485,
            52.15963
          ],
          [
            6.184788,
            52.159409
          ],
          [
            6.184785,
            52.159401
          ],
          [
            6.184776,
            52.159374
          ],
          [
            6.184709,
            52.159184
          ],
          [
            6.184705,
            52.159172
          ],
          [
            6.184669,
            52.159092
          ],
          [
            6.184565,
            52.158855
          ],
          [
            6.184562,
            52.158852
          ],
          [
            6.184451,
            52.158634
          ],
          [
            6.184332,
            52.158417
          ],
          [
            6.184089,
            52.157993
          ],
          [
            6.183946,
            52.157749
          ],
          [
            6.183813,
            52.157536
          ],
          [
            6.183679,
            52.157326
          ],
          [
            6.183408,
            52.15691
          ],
          [
            6.183275,
            52.1567
          ],
          [
            6.183183,
            52.156551
          ],
          [
            6.183146,
            52.15649
          ],
          [
            6.183111,
            52.156437
          ],
          [
            6.183014,
            52.156281
          ],
          [
            6.182992,
            52.156246
          ],
          [
            6.182859,
            52.156036
          ],
          [
            6.182732,
            52.15583
          ],
          [
            6.182614,
            52.155621
          ],
          [
            6.18251,
            52.155415
          ],
          [
            6.182415,
            52.155197
          ],
          [
            6.182333,
            52.154984
          ],
          [
            6.182261,
            52.154766
          ],
          [
            6.182198,
            52.154552
          ],
          [
            6.182147,
            52.154335
          ],
          [
            6.182106,
            52.154118
          ],
          [
            6.18207,
            52.153835
          ],
          [
            6.182053,
            52.153618
          ],
          [
            6.182046,
            52.153397
          ],
          [
            6.182051,
            52.153179
          ],
          [
            6.182067,
            52.152966
          ],
          [
            6.182068,
            52.152962
          ],
          [
            6.182098,
            52.152744
          ],
          [
            6.182142,
            52.152531
          ],
          [
            6.1822,
            52.152313
          ],
          [
            6.182272,
            52.1521
          ],
          [
            6.182358,
            52.151886
          ],
          [
            6.182455,
            52.151676
          ],
          [
            6.182563,
            52.151466
          ],
          [
            6.182681,
            52.15126
          ],
          [
            6.182806,
            52.151054
          ],
          [
            6.183045,
            52.150715
          ],
          [
            6.1832,
            52.15052
          ],
          [
            6.183364,
            52.150322
          ],
          [
            6.183535,
            52.150124
          ],
          [
            6.183706,
            52.149929
          ],
          [
            6.184003,
            52.149609
          ],
          [
            6.184191,
            52.149422
          ],
          [
            6.184254,
            52.149361
          ],
          [
            6.184385,
            52.149235
          ],
          [
            6.184583,
            52.149044
          ],
          [
            6.184781,
            52.148857
          ],
          [
            6.184979,
            52.148663
          ],
          [
            6.18505,
            52.148594
          ],
          [
            6.185174,
            52.148468
          ],
          [
            6.185194,
            52.148445
          ],
          [
            6.185359,
            52.14827
          ],
          [
            6.185611,
            52.147987
          ],
          [
            6.185623,
            52.147976
          ],
          [
            6.185783,
            52.147789
          ],
          [
            6.185955,
            52.147587
          ],
          [
            6.186122,
            52.147388
          ],
          [
            6.186181,
            52.147316
          ],
          [
            6.186287,
            52.147186
          ],
          [
            6.186449,
            52.14698
          ],
          [
            6.186607,
            52.146778
          ],
          [
            6.186763,
            52.146572
          ],
          [
            6.186917,
            52.146366
          ],
          [
            6.18707,
            52.146152
          ],
          [
            6.187214,
            52.145947
          ],
          [
            6.187355,
            52.145737
          ],
          [
            6.187494,
            52.145531
          ],
          [
            6.187631,
            52.145321
          ],
          [
            6.187768,
            52.145111
          ],
          [
            6.187906,
            52.144905
          ],
          [
            6.188075,
            52.144657
          ],
          [
            6.188359,
            52.144245
          ],
          [
            6.188501,
            52.144035
          ],
          [
            6.188642,
            52.143826
          ],
          [
            6.188676,
            52.143772
          ],
          [
            6.18878,
            52.143616
          ],
          [
            6.188799,
            52.143585
          ],
          [
            6.188824,
            52.143547
          ],
          [
            6.188853,
            52.143501
          ],
          [
            6.188859,
            52.143494
          ],
          [
            6.188915,
            52.143406
          ],
          [
            6.188917,
            52.143402
          ],
          [
            6.189163,
            52.142998
          ],
          [
            6.189287,
            52.142784
          ],
          [
            6.189409,
            52.14257
          ],
          [
            6.189529,
            52.142357
          ],
          [
            6.189649,
            52.142147
          ],
          [
            6.189886,
            52.14172
          ],
          [
            6.190075,
            52.141392
          ],
          [
            6.190199,
            52.141178
          ],
          [
            6.190322,
            52.140965
          ],
          [
            6.190444,
            52.140751
          ],
          [
            6.19056,
            52.140533
          ],
          [
            6.19064,
            52.140373
          ],
          [
            6.19067,
            52.140316
          ],
          [
            6.190767,
            52.140099
          ],
          [
            6.190833,
            52.139938
          ],
          [
            6.190893,
            52.13979
          ],
          [
            6.190974,
            52.139568
          ],
          [
            6.191018,
            52.139439
          ],
          [
            6.191049,
            52.139343
          ],
          [
            6.191118,
            52.139118
          ],
          [
            6.19118,
            52.138897
          ],
          [
            6.191237,
            52.138668
          ],
          [
            6.191304,
            52.138336
          ],
          [
            6.19134,
            52.138111
          ],
          [
            6.19137,
            52.137886
          ],
          [
            6.191394,
            52.137661
          ],
          [
            6.191416,
            52.137436
          ],
          [
            6.191463,
            52.136913
          ],
          [
            6.191479,
            52.136738
          ],
          [
            6.191496,
            52.136513
          ],
          [
            6.191512,
            52.136288
          ],
          [
            6.191518,
            52.136192
          ],
          [
            6.191525,
            52.136063
          ],
          [
            6.191537,
            52.135838
          ],
          [
            6.191546,
            52.135612
          ],
          [
            6.191554,
            52.135387
          ],
          [
            6.19156,
            52.135162
          ],
          [
            6.191566,
            52.134937
          ],
          [
            6.191575,
            52.134544
          ],
          [
            6.191578,
            52.134319
          ],
          [
            6.191576,
            52.13409
          ],
          [
            6.191566,
            52.133865
          ],
          [
            6.191543,
            52.133606
          ],
          [
            6.191514,
            52.133373
          ],
          [
            6.191478,
            52.133148
          ],
          [
            6.191436,
            52.132923
          ],
          [
            6.191388,
            52.132698
          ],
          [
            6.191278,
            52.132248
          ],
          [
            6.191216,
            52.132023
          ],
          [
            6.19109,
            52.131603
          ],
          [
            6.191016,
            52.131378
          ],
          [
            6.190937,
            52.131157
          ],
          [
            6.190853,
            52.130936
          ],
          [
            6.190763,
            52.130714
          ],
          [
            6.190668,
            52.130493
          ],
          [
            6.190566,
            52.130276
          ],
          [
            6.190455,
            52.130051
          ],
          [
            6.190447,
            52.130035
          ],
          [
            6.190383,
            52.129913
          ],
          [
            6.190333,
            52.129822
          ],
          [
            6.190213,
            52.129604
          ],
          [
            6.190145,
            52.129486
          ],
          [
            6.190088,
            52.129391
          ],
          [
            6.190065,
            52.129353
          ],
          [
            6.189958,
            52.129177
          ],
          [
            6.189822,
            52.128967
          ],
          [
            6.189682,
            52.128757
          ],
          [
            6.189537,
            52.128548
          ],
          [
            6.189389,
            52.128342
          ],
          [
            6.189068,
            52.12793
          ],
          [
            6.188902,
            52.127728
          ],
          [
            6.188734,
            52.127529
          ],
          [
            6.188565,
            52.127331
          ],
          [
            6.188398,
            52.127129
          ],
          [
            6.188167,
            52.126854
          ],
          [
            6.188149,
            52.126835
          ],
          [
            6.18798,
            52.126637
          ],
          [
            6.187811,
            52.126438
          ],
          [
            6.187648,
            52.12624
          ],
          [
            6.187492,
            52.126041
          ],
          [
            6.187284,
            52.125763
          ],
          [
            6.187136,
            52.125561
          ],
          [
            6.186991,
            52.125359
          ],
          [
            6.186852,
            52.125153
          ],
          [
            6.18672,
            52.124947
          ],
          [
            6.186595,
            52.124741
          ],
          [
            6.186592,
            52.124733
          ],
          [
            6.186478,
            52.124531
          ],
          [
            6.186361,
            52.124306
          ],
          [
            6.186258,
            52.124096
          ],
          [
            6.186162,
            52.123882
          ],
          [
            6.186074,
            52.123669
          ],
          [
            6.185993,
            52.123455
          ],
          [
            6.185855,
            52.123024
          ],
          [
            6.185797,
            52.122807
          ],
          [
            6.185746,
            52.122589
          ],
          [
            6.185702,
            52.122368
          ],
          [
            6.185665,
            52.12215
          ],
          [
            6.185636,
            52.121929
          ],
          [
            6.185614,
            52.121708
          ],
          [
            6.185599,
            52.12149
          ],
          [
            6.18559,
            52.121052
          ],
          [
            6.185595,
            52.120831
          ],
          [
            6.185608,
            52.120609
          ],
          [
            6.185627,
            52.120388
          ],
          [
            6.185656,
            52.120167
          ],
          [
            6.185663,
            52.120125
          ],
          [
            6.185691,
            52.119949
          ],
          [
            6.185735,
            52.119732
          ],
          [
            6.185788,
            52.119514
          ],
          [
            6.18585,
            52.119297
          ],
          [
            6.185945,
            52.118999
          ],
          [
            6.186022,
            52.118786
          ],
          [
            6.186106,
            52.118572
          ],
          [
            6.1862,
            52.118359
          ],
          [
            6.186249,
            52.118263
          ],
          [
            6.186305,
            52.118153
          ],
          [
            6.186316,
            52.11813
          ],
          [
            6.186421,
            52.117947
          ],
          [
            6.186552,
            52.117744
          ],
          [
            6.186764,
            52.117458
          ],
          [
            6.186924,
            52.117264
          ],
          [
            6.187096,
            52.117073
          ],
          [
            6.187279,
            52.116886
          ],
          [
            6.187471,
            52.116703
          ],
          [
            6.187799,
            52.116425
          ],
          [
            6.188018,
            52.116253
          ],
          [
            6.188248,
            52.116089
          ],
          [
            6.188488,
            52.115929
          ],
          [
            6.188744,
            52.115772
          ],
          [
            6.189005,
            52.115627
          ],
          [
            6.189275,
            52.115482
          ],
          [
            6.189552,
            52.115345
          ],
          [
            6.189999,
            52.115139
          ],
          [
            6.190185,
            52.115059
          ],
          [
            6.190289,
            52.115017
          ],
          [
            6.190583,
            52.114902
          ],
          [
            6.190999,
            52.114773
          ],
          [
            6.191147,
            52.114727
          ],
          [
            6.19147,
            52.114635
          ],
          [
            6.191938,
            52.114513
          ],
          [
            6.192269,
            52.114437
          ],
          [
            6.192601,
            52.114368
          ],
          [
            6.192603,
            52.114368
          ],
          [
            6.193178,
            52.114265
          ],
          [
            6.193519,
            52.11422
          ],
          [
            6.193861,
            52.114182
          ],
          [
            6.194381,
            52.114147
          ],
          [
            6.194736,
            52.114132
          ],
          [
            6.195097,
            52.114124
          ],
          [
            6.195761,
            52.114113
          ],
          [
            6.196118,
            52.114109
          ],
          [
            6.196472,
            52.114113
          ],
          [
            6.197048,
            52.11414
          ],
          [
            6.197411,
            52.114162
          ],
          [
            6.197781,
            52.114182
          ],
          [
            6.198232,
            52.114197
          ],
          [
            6.198596,
            52.114208
          ],
          [
            6.198599,
            52.114212
          ],
          [
            6.198967,
            52.11422
          ],
          [
            6.199331,
            52.114227
          ],
          [
            6.1997,
            52.114235
          ],
          [
            6.199705,
            52.114235
          ],
          [
            6.200429,
            52.114235
          ],
          [
            6.200798,
            52.114231
          ],
          [
            6.201167,
            52.114227
          ],
          [
            6.201518,
            52.11422
          ],
          [
            6.201536,
            52.11422
          ],
          [
            6.201906,
            52.114204
          ],
          [
            6.20239,
            52.114182
          ],
          [
            6.202758,
            52.114162
          ],
          [
            6.203126,
            52.11414
          ],
          [
            6.203494,
            52.114109
          ],
          [
            6.203882,
            52.114075
          ],
          [
            6.204247,
            52.114037
          ],
          [
            6.204604,
            52.113998
          ],
          [
            6.204974,
            52.113953
          ],
          [
            6.205336,
            52.113903
          ],
          [
            6.205696,
            52.11385
          ],
          [
            6.206056,
            52.113796
          ],
          [
            6.206586,
            52.113705
          ],
          [
            6.206592,
            52.113701
          ],
          [
            6.206941,
            52.113636
          ],
          [
            6.207298,
            52.113567
          ],
          [
            6.207646,
            52.113491
          ],
          [
            6.207996,
            52.113415
          ],
          [
            6.208229,
            52.113361
          ],
          [
            6.208342,
            52.113335
          ],
          [
            6.208873,
            52.113201
          ],
          [
            6.209221,
            52.113113
          ],
          [
            6.209554,
            52.113022
          ],
          [
            6.209896,
            52.112919
          ],
          [
            6.210222,
            52.112816
          ],
          [
            6.210231,
            52.112812
          ],
          [
            6.210678,
            52.112656
          ],
          [
            6.210989,
            52.112541
          ],
          [
            6.211303,
            52.112415
          ],
          [
            6.211312,
            52.112411
          ],
          [
            6.21161,
            52.112282
          ],
          [
            6.21162,
            52.112278
          ],
          [
            6.211912,
            52.112141
          ],
          [
            6.211924,
            52.112133
          ],
          [
            6.212461,
            52.111843
          ],
          [
            6.212471,
            52.111839
          ],
          [
            6.212739,
            52.111675
          ],
          [
            6.212996,
            52.111511
          ],
          [
            6.213035,
            52.111485
          ],
          [
            6.21324,
            52.111343
          ],
          [
            6.213483,
            52.111168
          ],
          [
            6.21381,
            52.11092
          ],
          [
            6.213816,
            52.110916
          ],
          [
            6.214036,
            52.110737
          ],
          [
            6.214253,
            52.11055
          ],
          [
            6.214464,
            52.110355
          ],
          [
            6.214661,
            52.110165
          ],
          [
            6.214668,
            52.110157
          ],
          [
            6.215008,
            52.109795
          ],
          [
            6.215181,
            52.109592
          ],
          [
            6.215348,
            52.109383
          ],
          [
            6.215506,
            52.109177
          ],
          [
            6.215662,
            52.108971
          ],
          [
            6.215922,
            52.108604
          ],
          [
            6.21593,
            52.108593
          ],
          [
            6.216069,
            52.108379
          ],
          [
            6.216203,
            52.10817
          ],
          [
            6.216333,
            52.10796
          ],
          [
            6.21646,
            52.107746
          ],
          [
            6.216585,
            52.107536
          ],
          [
            6.216735,
            52.107273
          ],
          [
            6.216856,
            52.107059
          ],
          [
            6.216972,
            52.106846
          ],
          [
            6.217086,
            52.106632
          ],
          [
            6.217197,
            52.106415
          ],
          [
            6.217305,
            52.106201
          ],
          [
            6.217438,
            52.105927
          ],
          [
            6.217541,
            52.105709
          ],
          [
            6.217606,
            52.105568
          ],
          [
            6.217641,
            52.105492
          ],
          [
            6.217738,
            52.10527
          ],
          [
            6.21783,
            52.105053
          ],
          [
            6.217916,
            52.104832
          ],
          [
            6.218004,
            52.104595
          ],
          [
            6.218082,
            52.104374
          ],
          [
            6.218155,
            52.104149
          ],
          [
            6.218224,
            52.103928
          ],
          [
            6.218288,
            52.103703
          ],
          [
            6.218348,
            52.103477
          ],
          [
            6.218402,
            52.103252
          ],
          [
            6.218451,
            52.103027
          ],
          [
            6.21851,
            52.102722
          ],
          [
            6.218546,
            52.102497
          ],
          [
            6.218578,
            52.102272
          ],
          [
            6.218586,
            52.102203
          ],
          [
            6.218606,
            52.102047
          ],
          [
            6.218621,
            52.101898
          ],
          [
            6.21863,
            52.101822
          ],
          [
            6.218652,
            52.101597
          ],
          [
            6.218687,
            52.1012
          ],
          [
            6.218704,
            52.100975
          ],
          [
            6.218717,
            52.100746
          ],
          [
            6.218724,
            52.100517
          ],
          [
            6.218725,
            52.100292
          ],
          [
            6.218719,
            52.100067
          ],
          [
            6.218702,
            52.099762
          ],
          [
            6.218685,
            52.099533
          ],
          [
            6.21866,
            52.099304
          ],
          [
            6.218627,
            52.099083
          ],
          [
            6.218626,
            52.099075
          ],
          [
            6.218582,
            52.098854
          ],
          [
            6.21858,
            52.098846
          ],
          [
            6.218521,
            52.098625
          ],
          [
            6.218519,
            52.098618
          ],
          [
            6.218401,
            52.098282
          ],
          [
            6.218399,
            52.098274
          ],
          [
            6.218305,
            52.098053
          ],
          [
            6.218201,
            52.097832
          ],
          [
            6.218089,
            52.097614
          ],
          [
            6.217969,
            52.097397
          ],
          [
            6.217725,
            52.096989
          ],
          [
            6.217721,
            52.096985
          ],
          [
            6.217581,
            52.096771
          ],
          [
            6.217434,
            52.096565
          ],
          [
            6.217274,
            52.096355
          ],
          [
            6.217269,
            52.096352
          ],
          [
            6.216944,
            52.09597
          ],
          [
            6.216938,
            52.095963
          ],
          [
            6.21675,
            52.095764
          ],
          [
            6.216639,
            52.095657
          ],
          [
            6.216551,
            52.09557
          ],
          [
            6.216347,
            52.095383
          ],
          [
            6.216341,
            52.095379
          ],
          [
            6.216218,
            52.095272
          ],
          [
            6.216063,
            52.095142
          ],
          [
            6.21583,
            52.094959
          ],
          [
            6.21559,
            52.094784
          ],
          [
            6.215348,
            52.094608
          ],
          [
            6.214869,
            52.09428
          ],
          [
            6.214612,
            52.094116
          ],
          [
            6.214355,
            52.09396
          ],
          [
            6.214086,
            52.093796
          ],
          [
            6.213817,
            52.093643
          ],
          [
            6.213547,
            52.093491
          ],
          [
            6.213025,
            52.093201
          ],
          [
            6.212743,
            52.093048
          ],
          [
            6.212451,
            52.092899
          ],
          [
            6.212159,
            52.092766
          ],
          [
            6.212144,
            52.092762
          ],
          [
            6.212089,
            52.092739
          ],
          [
            6.211839,
            52.09264
          ],
          [
            6.211823,
            52.092632
          ],
          [
            6.211214,
            52.092426
          ],
          [
            6.2112,
            52.092422
          ],
          [
            6.210865,
            52.092327
          ],
          [
            6.210851,
            52.092323
          ],
          [
            6.210512,
            52.092243
          ],
          [
            6.210495,
            52.092239
          ],
          [
            6.210149,
            52.092167
          ],
          [
            6.210136,
            52.092163
          ],
          [
            6.209774,
            52.092102
          ],
          [
            6.209766,
            52.092102
          ],
          [
            6.20941,
            52.092052
          ],
          [
            6.2094,
            52.092052
          ],
          [
            6.20939,
            52.092049
          ],
          [
            6.209021,
            52.092014
          ],
          [
            6.209004,
            52.092014
          ],
          [
            6.208638,
            52.091999
          ],
          [
            6.208619,
            52.091999
          ],
          [
            6.208607,
            52.091999
          ],
          [
            6.208102,
            52.092018
          ],
          [
            6.20808,
            52.092018
          ],
          [
            6.20772,
            52.092052
          ],
          [
            6.207699,
            52.092052
          ],
          [
            6.207343,
            52.092106
          ],
          [
            6.207326,
            52.092106
          ],
          [
            6.206975,
            52.092171
          ],
          [
            6.206961,
            52.092175
          ],
          [
            6.206941,
            52.092178
          ],
          [
            6.206635,
            52.092258
          ],
          [
            6.206275,
            52.092354
          ],
          [
            6.206259,
            52.092361
          ],
          [
            6.206249,
            52.092365
          ],
          [
            6.205925,
            52.092476
          ],
          [
            6.205611,
            52.092587
          ],
          [
            6.205293,
            52.092701
          ],
          [
            6.204731,
            52.092899
          ],
          [
            6.204421,
            52.093002
          ],
          [
            6.20412,
            52.09309
          ],
          [
            6.20381,
            52.093182
          ],
          [
            6.203484,
            52.093269
          ],
          [
            6.203152,
            52.093349
          ],
          [
            6.202816,
            52.093422
          ],
          [
            6.202203,
            52.093544
          ],
          [
            6.201869,
            52.093601
          ],
          [
            6.201539,
            52.093639
          ],
          [
            6.201064,
            52.093662
          ],
          [
            6.200719,
            52.093662
          ],
          [
            6.200482,
            52.093651
          ],
          [
            6.200365,
            52.093647
          ],
          [
            6.200008,
            52.093628
          ],
          [
            6.199543,
            52.093597
          ],
          [
            6.199194,
            52.093567
          ],
          [
            6.19885,
            52.093525
          ],
          [
            6.198511,
            52.093475
          ],
          [
            6.198036,
            52.093384
          ],
          [
            6.19772,
            52.093307
          ],
          [
            6.197355,
            52.093197
          ],
          [
            6.197047,
            52.093086
          ],
          [
            6.196635,
            52.092934
          ],
          [
            6.196326,
            52.092819
          ],
          [
            6.196012,
            52.092701
          ],
          [
            6.195698,
            52.092579
          ],
          [
            6.195429,
            52.092484
          ],
          [
            6.195379,
            52.092464
          ],
          [
            6.19502,
            52.092339
          ],
          [
            6.194695,
            52.092232
          ],
          [
            6.194371,
            52.092125
          ],
          [
            6.194036,
            52.092026
          ],
          [
            6.193502,
            52.091873
          ],
          [
            6.193162,
            52.091782
          ],
          [
            6.193018,
            52.091747
          ],
          [
            6.192823,
            52.091698
          ],
          [
            6.192819,
            52.091698
          ],
          [
            6.1922,
            52.091549
          ],
          [
            6.191857,
            52.091473
          ],
          [
            6.191494,
            52.0914
          ],
          [
            6.190961,
            52.091305
          ],
          [
            6.190602,
            52.091248
          ],
          [
            6.190455,
            52.091228
          ],
          [
            6.190247,
            52.091198
          ],
          [
            6.189879,
            52.091148
          ],
          [
            6.189755,
            52.091133
          ],
          [
            6.189357,
            52.091084
          ],
          [
            6.188985,
            52.091045
          ],
          [
            6.188619,
            52.091011
          ],
          [
            6.188253,
            52.090981
          ],
          [
            6.187751,
            52.090946
          ],
          [
            6.187381,
            52.090923
          ],
          [
            6.187012,
            52.090908
          ],
          [
            6.186644,
            52.090897
          ],
          [
            6.18663,
            52.090897
          ],
          [
            6.186016,
            52.0909
          ],
          [
            6.186005,
            52.0909
          ],
          [
            6.185641,
            52.090912
          ],
          [
            6.185496,
            52.090916
          ],
          [
            6.185266,
            52.090927
          ],
          [
            6.184902,
            52.090946
          ],
          [
            6.184442,
            52.090973
          ],
          [
            6.182383,
            52.0911
          ],
          [
            6.1803089,
            52.0912057
          ],
          [
            6.178453,
            52.091152
          ],
          [
            6.178129,
            52.09108
          ],
          [
            6.177811,
            52.090996
          ],
          [
            6.177432,
            52.090874
          ],
          [
            6.177133,
            52.090763
          ],
          [
            6.176842,
            52.090645
          ],
          [
            6.176561,
            52.090515
          ],
          [
            6.176124,
            52.09029
          ],
          [
            6.175873,
            52.090145
          ],
          [
            6.175637,
            52.089989
          ],
          [
            6.175412,
            52.089817
          ],
          [
            6.175212,
            52.089642
          ],
          [
            6.175025,
            52.089458
          ],
          [
            6.17485,
            52.089272
          ],
          [
            6.174764,
            52.089169
          ],
          [
            6.174685,
            52.089077
          ],
          [
            6.174486,
            52.088818
          ],
          [
            6.174354,
            52.088615
          ],
          [
            6.174229,
            52.088409
          ],
          [
            6.174109,
            52.0882
          ],
          [
            6.173992,
            52.08799
          ],
          [
            6.173771,
            52.08757
          ],
          [
            6.173669,
            52.087357
          ],
          [
            6.173571,
            52.087143
          ],
          [
            6.173535,
            52.087059
          ],
          [
            6.173476,
            52.086926
          ],
          [
            6.173384,
            52.086712
          ],
          [
            6.173239,
            52.086357
          ],
          [
            6.173155,
            52.08614
          ],
          [
            6.173075,
            52.085922
          ],
          [
            6.173,
            52.085705
          ],
          [
            6.172929,
            52.085487
          ],
          [
            6.172841,
            52.08519
          ],
          [
            6.172781,
            52.084969
          ],
          [
            6.172725,
            52.084751
          ],
          [
            6.172673,
            52.08453
          ],
          [
            6.172626,
            52.084309
          ],
          [
            6.172583,
            52.084091
          ],
          [
            6.172523,
            52.083679
          ],
          [
            6.172497,
            52.083458
          ],
          [
            6.172481,
            52.083332
          ]
        ]
      },
      "id": "way/730781073"
    },
    {
      "type": "Feature",
      "properties": {
        "@id": "way/730781074"
      },
      "geometry": {
        "type": "LineString",
        "coordinates": [
          [
            6.0999839,
            51.9940317
          ],
          [
            6.10122,
            51.994282
          ],
          [
            6.102453,
            51.994511
          ],
          [
            6.103499,
            51.994694
          ],
          [
            6.104688,
            51.994934
          ],
          [
            6.105022,
            51.99501
          ],
          [
            6.10563,
            51.995167
          ],
          [
            6.105949,
            51.995258
          ],
          [
            6.106581,
            51.995461
          ],
          [
            6.107351,
            51.995735
          ],
          [
            6.108856,
            51.996575
          ],
          [
            6.110267,
            51.997433
          ],
          [
            6.111633,
            51.998717
          ],
          [
            6.11245,
            51.999933
          ],
          [
            6.1130378,
            52.0007993
          ],
          [
            6.113313,
            52.001785
          ],
          [
            6.113619,
            52.00259
          ],
          [
            6.113826,
            52.003002
          ],
          [
            6.11399,
            52.003231
          ],
          [
            6.114166,
            52.003437
          ],
          [
            6.114364,
            52.003635
          ],
          [
            6.11479,
            52.004013
          ],
          [
            6.115366,
            52.004475
          ],
          [
            6.115852,
            52.004826
          ],
          [
            6.116114,
            52.004997
          ],
          [
            6.116373,
            52.005154
          ],
          [
            6.116683,
            52.005329
          ],
          [
            6.116965,
            52.005474
          ],
          [
            6.117574,
            52.005753
          ],
          [
            6.118315,
            52.006046
          ],
          [
            6.118643,
            52.006165
          ],
          [
            6.119301,
            52.006371
          ],
          [
            6.120041,
            52.006618
          ],
          [
            6.120662,
            52.00684
          ],
          [
            6.121129,
            52.007027
          ],
          [
            6.121707,
            52.007278
          ],
          [
            6.121988,
            52.007416
          ],
          [
            6.122509,
            52.007683
          ],
          [
            6.123032,
            52.00798
          ],
          [
            6.123274,
            52.008129
          ],
          [
            6.123529,
            52.008297
          ],
          [
            6.12394,
            52.008583
          ],
          [
            6.124386,
            52.008923
          ],
          [
            6.124804,
            52.009281
          ],
          [
            6.125087,
            52.009544
          ],
          [
            6.125451,
            52.009922
          ],
          [
            6.125981,
            52.010532
          ],
          [
            6.126142,
            52.010731
          ],
          [
            6.126439,
            52.011131
          ],
          [
            6.126572,
            52.011333
          ],
          [
            6.126777,
            52.0117
          ],
          [
            6.126874,
            52.011906
          ],
          [
            6.126961,
            52.012119
          ],
          [
            6.127036,
            52.012333
          ],
          [
            6.1271,
            52.012547
          ],
          [
            6.127195,
            52.01297
          ],
          [
            6.127224,
            52.013187
          ],
          [
            6.12724,
            52.013405
          ],
          [
            6.127245,
            52.013847
          ],
          [
            6.127235,
            52.014355
          ],
          [
            6.127187,
            52.01503
          ],
          [
            6.12718,
            52.015308
          ],
          [
            6.12719,
            52.01569
          ],
          [
            6.127213,
            52.015915
          ],
          [
            6.12725,
            52.016144
          ],
          [
            6.1273,
            52.016373
          ],
          [
            6.127379,
            52.016651
          ],
          [
            6.127461,
            52.016884
          ],
          [
            6.127553,
            52.017105
          ],
          [
            6.127656,
            52.017323
          ],
          [
            6.127881,
            52.017719
          ],
          [
            6.128027,
            52.017937
          ],
          [
            6.128186,
            52.018147
          ],
          [
            6.12836,
            52.018356
          ],
          [
            6.128825,
            52.018871
          ],
          [
            6.129014,
            52.01907
          ],
          [
            6.129431,
            52.019482
          ],
          [
            6.129727,
            52.019787
          ],
          [
            6.130141,
            52.020237
          ],
          [
            6.130312,
            52.020435
          ],
          [
            6.130478,
            52.02063
          ],
          [
            6.130766,
            52.021
          ],
          [
            6.131035,
            52.021404
          ],
          [
            6.131156,
            52.02161
          ],
          [
            6.131386,
            52.022057
          ],
          [
            6.131563,
            52.022484
          ],
          [
            6.131705,
            52.022915
          ],
          [
            6.131794,
            52.023247
          ],
          [
            6.131885,
            52.023682
          ],
          [
            6.131945,
            52.024124
          ],
          [
            6.131975,
            52.024593
          ],
          [
            6.131977,
            52.024815
          ],
          [
            6.131958,
            52.025253
          ],
          [
            6.131908,
            52.025696
          ],
          [
            6.131803,
            52.026245
          ],
          [
            6.131684,
            52.02668
          ],
          [
            6.131536,
            52.027111
          ],
          [
            6.131312,
            52.027634
          ],
          [
            6.131096,
            52.028057
          ],
          [
            6.130851,
            52.028469
          ],
          [
            6.130557,
            52.028912
          ],
          [
            6.13041,
            52.029114
          ],
          [
            6.130098,
            52.02951
          ],
          [
            6.12976,
            52.0299
          ],
          [
            6.129389,
            52.030289
          ],
          [
            6.128998,
            52.030659
          ],
          [
            6.128582,
            52.031017
          ],
          [
            6.128105,
            52.031395
          ],
          [
            6.12764,
            52.031731
          ],
          [
            6.1269,
            52.032211
          ],
          [
            6.126353,
            52.032528
          ],
          [
            6.125811,
            52.032814
          ],
          [
            6.125239,
            52.033096
          ],
          [
            6.124662,
            52.03336
          ],
          [
            6.124369,
            52.033485
          ],
          [
            6.123593,
            52.033791
          ],
          [
            6.122742,
            52.034077
          ],
          [
            6.122424,
            52.034172
          ],
          [
            6.121837,
            52.034332
          ],
          [
            6.121173,
            52.034496
          ],
          [
            6.120143,
            52.034721
          ],
          [
            6.118822,
            52.035027
          ],
          [
            6.118111,
            52.035213
          ],
          [
            6.117458,
            52.035427
          ],
          [
            6.117132,
            52.035545
          ],
          [
            6.116758,
            52.035686
          ],
          [
            6.116133,
            52.035938
          ],
          [
            6.115819,
            52.036072
          ],
          [
            6.115469,
            52.036232
          ],
          [
            6.114887,
            52.036514
          ],
          [
            6.114603,
            52.036663
          ],
          [
            6.114147,
            52.036915
          ],
          [
            6.113607,
            52.037235
          ],
          [
            6.113354,
            52.037399
          ],
          [
            6.112857,
            52.03775
          ],
          [
            6.112632,
            52.03793
          ],
          [
            6.11241,
            52.03812
          ],
          [
            6.112201,
            52.038315
          ],
          [
            6.111949,
            52.038574
          ],
          [
            6.111774,
            52.038776
          ],
          [
            6.111612,
            52.038986
          ],
          [
            6.11146,
            52.0392
          ],
          [
            6.111324,
            52.039417
          ],
          [
            6.111082,
            52.03986
          ],
          [
            6.110979,
            52.040081
          ],
          [
            6.110888,
            52.040306
          ],
          [
            6.110741,
            52.040752
          ],
          [
            6.110654,
            52.041103
          ],
          [
            6.110611,
            52.041336
          ],
          [
            6.110579,
            52.041565
          ],
          [
            6.110559,
            52.041794
          ],
          [
            6.110547,
            52.042023
          ],
          [
            6.110547,
            52.042339
          ],
          [
            6.110575,
            52.042793
          ],
          [
            6.110605,
            52.04303
          ],
          [
            6.110694,
            52.043476
          ],
          [
            6.11076,
            52.043705
          ],
          [
            6.110923,
            52.044159
          ],
          [
            6.111112,
            52.044571
          ],
          [
            6.111351,
            52.045013
          ],
          [
            6.111483,
            52.045223
          ],
          [
            6.111662,
            52.045479
          ],
          [
            6.111856,
            52.045719
          ],
          [
            6.112039,
            52.045918
          ],
          [
            6.11223,
            52.046116
          ],
          [
            6.112783,
            52.046654
          ],
          [
            6.1132,
            52.047031
          ],
          [
            6.113606,
            52.047382
          ],
          [
            6.11405,
            52.047745
          ],
          [
            6.114501,
            52.048096
          ],
          [
            6.115311,
            52.048714
          ],
          [
            6.115782,
            52.049057
          ],
          [
            6.116271,
            52.049397
          ],
          [
            6.116848,
            52.049774
          ],
          [
            6.117595,
            52.050232
          ],
          [
            6.118399,
            52.050697
          ],
          [
            6.119054,
            52.051052
          ],
          [
            6.119896,
            52.051468
          ],
          [
            6.120188,
            52.051605
          ],
          [
            6.120795,
            52.051872
          ],
          [
            6.121125,
            52.052006
          ],
          [
            6.121583,
            52.052181
          ],
          [
            6.123197,
            52.052761
          ],
          [
            6.124184,
            52.053082
          ],
          [
            6.124975,
            52.053314
          ],
          [
            6.126954,
            52.053852
          ],
          [
            6.127515,
            52.05402
          ],
          [
            6.128448,
            52.054356
          ],
          [
            6.129079,
            52.054573
          ],
          [
            6.129473,
            52.054718
          ],
          [
            6.130389,
            52.055073
          ],
          [
            6.131322,
            52.055477
          ],
          [
            6.131881,
            52.055752
          ],
          [
            6.133103,
            52.056393
          ],
          [
            6.133871,
            52.056824
          ],
          [
            6.134373,
            52.05714
          ],
          [
            6.135004,
            52.05756
          ],
          [
            6.135375,
            52.057819
          ],
          [
            6.135713,
            52.058067
          ],
          [
            6.136161,
            52.058411
          ],
          [
            6.136666,
            52.058838
          ],
          [
            6.136861,
            52.059021
          ],
          [
            6.13746,
            52.059616
          ],
          [
            6.138364,
            52.060455
          ],
          [
            6.138748,
            52.060833
          ],
          [
            6.139061,
            52.061119
          ],
          [
            6.139288,
            52.061302
          ],
          [
            6.139767,
            52.061653
          ],
          [
            6.140209,
            52.061939
          ],
          [
            6.14048,
            52.062099
          ],
          [
            6.140764,
            52.06226
          ],
          [
            6.141043,
            52.062405
          ],
          [
            6.141481,
            52.062611
          ],
          [
            6.1418,
            52.06274
          ],
          [
            6.142131,
            52.062859
          ],
          [
            6.142465,
            52.062969
          ],
          [
            6.143398,
            52.063255
          ],
          [
            6.144729,
            52.063629
          ],
          [
            6.145208,
            52.063774
          ],
          [
            6.145833,
            52.063984
          ],
          [
            6.146202,
            52.064125
          ],
          [
            6.146488,
            52.064247
          ],
          [
            6.146767,
            52.064381
          ],
          [
            6.147219,
            52.064617
          ],
          [
            6.14748,
            52.064762
          ],
          [
            6.147734,
            52.064915
          ],
          [
            6.148216,
            52.065235
          ],
          [
            6.148468,
            52.065422
          ],
          [
            6.148683,
            52.065594
          ],
          [
            6.149083,
            52.065956
          ],
          [
            6.149421,
            52.066296
          ],
          [
            6.150036,
            52.067001
          ],
          [
            6.150428,
            52.067394
          ],
          [
            6.150793,
            52.067715
          ],
          [
            6.151017,
            52.067894
          ],
          [
            6.151263,
            52.068077
          ],
          [
            6.151507,
            52.068245
          ],
          [
            6.151901,
            52.068489
          ],
          [
            6.152177,
            52.068642
          ],
          [
            6.152465,
            52.068787
          ],
          [
            6.153618,
            52.069313
          ],
          [
            6.154286,
            52.069607
          ],
          [
            6.154886,
            52.069859
          ],
          [
            6.155391,
            52.070087
          ],
          [
            6.155927,
            52.07037
          ],
          [
            6.156318,
            52.070599
          ],
          [
            6.156815,
            52.070915
          ],
          [
            6.157114,
            52.071117
          ],
          [
            6.157347,
            52.071285
          ],
          [
            6.158054,
            52.071827
          ],
          [
            6.158635,
            52.072292
          ],
          [
            6.158852,
            52.072475
          ],
          [
            6.159124,
            52.072685
          ],
          [
            6.159365,
            52.072853
          ],
          [
            6.15977,
            52.073116
          ],
          [
            6.16003,
            52.073273
          ],
          [
            6.160405,
            52.073475
          ],
          [
            6.160697,
            52.073612
          ],
          [
            6.161026,
            52.073746
          ],
          [
            6.161484,
            52.073914
          ],
          [
            6.161814,
            52.074024
          ],
          [
            6.162533,
            52.074242
          ],
          [
            6.164281,
            52.07473
          ],
          [
            6.164824,
            52.074894
          ],
          [
            6.165128,
            52.075001
          ],
          [
            6.165429,
            52.075115
          ],
          [
            6.165724,
            52.075237
          ],
          [
            6.16606,
            52.075386
          ],
          [
            6.166342,
            52.07552
          ],
          [
            6.166883,
            52.075806
          ],
          [
            6.167366,
            52.076084
          ],
          [
            6.16786,
            52.076401
          ],
          [
            6.168097,
            52.076565
          ],
          [
            6.168548,
            52.0769
          ],
          [
            6.168977,
            52.077251
          ],
          [
            6.16918,
            52.077431
          ],
          [
            6.169517,
            52.077755
          ],
          [
            6.169863,
            52.078136
          ],
          [
            6.170173,
            52.078533
          ],
          [
            6.170313,
            52.078735
          ],
          [
            6.17048,
            52.078999
          ],
          [
            6.170587,
            52.079189
          ],
          [
            6.170699,
            52.079414
          ],
          [
            6.170952,
            52.079998
          ],
          [
            6.171206,
            52.080647
          ],
          [
            6.171335,
            52.081036
          ],
          [
            6.171397,
            52.081253
          ],
          [
            6.171586,
            52.082039
          ],
          [
            6.171767,
            52.082703
          ],
          [
            6.171849,
            52.083046
          ],
          [
            6.171896,
            52.083332
          ]
        ]
      },
      "id": "way/730781074"
    },
    {
      "type": "Feature",
      "properties": {
        "@id": "way/730781075"
      },
      "geometry": {
        "type": "LineString",
        "coordinates": [
          [
            6.1,
            51.993649
          ],
          [
            6.098691,
            51.993347
          ],
          [
            6.097821,
            51.993164
          ],
          [
            6.096348,
            51.992897
          ],
          [
            6.095633,
            51.992783
          ],
          [
            6.094303,
            51.992615
          ],
          [
            6.093563,
            51.992554
          ],
          [
            6.093024,
            51.992527
          ],
          [
            6.092639,
            51.992519
          ],
          [
            6.0919,
            51.992523
          ],
          [
            6.091499,
            51.992542
          ],
          [
            6.090749,
            51.992603
          ],
          [
            6.089637,
            51.992744
          ],
          [
            6.088918,
            51.99287
          ],
          [
            6.088099,
            51.993057
          ],
          [
            6.087414,
            51.993252
          ],
          [
            6.086762,
            51.993473
          ],
          [
            6.086384,
            51.993614
          ],
          [
            6.085759,
            51.993877
          ],
          [
            6.085179,
            51.99416
          ],
          [
            6.08443,
            51.994587
          ],
          [
            6.083913,
            51.99493
          ],
          [
            6.083454,
            51.995274
          ],
          [
            6.083004,
            51.995659
          ],
          [
            6.082726,
            51.995941
          ],
          [
            6.08238,
            51.996353
          ],
          [
            6.082057,
            51.996761
          ],
          [
            6.081412,
            51.997627
          ],
          [
            6.081248,
            51.997818
          ],
          [
            6.0808,
            51.998257
          ],
          [
            6.080342,
            51.998665
          ],
          [
            6.079455,
            51.999374
          ],
          [
            6.078635,
            52.000099
          ],
          [
            6.078246,
            52.000504
          ],
          [
            6.078028,
            52.000782
          ],
          [
            6.077743,
            52.001213
          ],
          [
            6.077512,
            52.001667
          ],
          [
            6.077348,
            52.002129
          ],
          [
            6.077291,
            52.002361
          ],
          [
            6.077215,
            52.002903
          ],
          [
            6.077212,
            52.003139
          ],
          [
            6.077231,
            52.003368
          ],
          [
            6.077287,
            52.003632
          ],
          [
            6.077358,
            52.003853
          ],
          [
            6.077532,
            52.004299
          ],
          [
            6.077813,
            52.004932
          ],
          [
            6.078133,
            52.005783
          ],
          [
            6.078383,
            52.006867
          ],
          [
            6.078133,
            52.008183
          ],
          [
            6.078063,
            52.008518
          ],
          [
            6.0778,
            52.008949
          ],
          [
            6.077654,
            52.009148
          ],
          [
            6.077325,
            52.009533
          ],
          [
            6.07684,
            52.01001
          ],
          [
            6.076635,
            52.010185
          ],
          [
            6.076192,
            52.010521
          ],
          [
            6.075794,
            52.010769
          ],
          [
            6.075533,
            52.010914
          ],
          [
            6.074982,
            52.011192
          ],
          [
            6.07459,
            52.011375
          ],
          [
            6.074003,
            52.011623
          ],
          [
            6.073353,
            52.011852
          ],
          [
            6.072239,
            52.012215
          ],
          [
            6.071597,
            52.012447
          ],
          [
            6.071177,
            52.012615
          ],
          [
            6.070271,
            52.013008
          ],
          [
            6.069062,
            52.01358
          ],
          [
            6.06834,
            52.013889
          ],
          [
            6.067732,
            52.014111
          ],
          [
            6.067098,
            52.014305
          ],
          [
            6.066773,
            52.014389
          ],
          [
            6.065958,
            52.014572
          ],
          [
            6.065277,
            52.014687
          ],
          [
            6.064366,
            52.01479
          ],
          [
            6.063663,
            52.014835
          ],
          [
            6.062874,
            52.014847
          ],
          [
            6.062168,
            52.014828
          ],
          [
            6.06141,
            52.014771
          ],
          [
            6.060716,
            52.014687
          ],
          [
            6.060375,
            52.014633
          ],
          [
            6.059756,
            52.014515
          ],
          [
            6.059098,
            52.014359
          ],
          [
            6.05831,
            52.01413
          ],
          [
            6.057549,
            52.013851
          ],
          [
            6.057256,
            52.013729
          ],
          [
            6.056593,
            52.013416
          ],
          [
            6.054848,
            52.012493
          ],
          [
            6.054184,
            52.012165
          ],
          [
            6.053589,
            52.011887
          ],
          [
            6.052922,
            52.011612
          ],
          [
            6.0523,
            52.011372
          ],
          [
            6.050264,
            52.01062
          ],
          [
            6.04966,
            52.010372
          ],
          [
            6.049032,
            52.010071
          ],
          [
            6.048507,
            52.009781
          ],
          [
            6.04811,
            52.009529
          ],
          [
            6.047876,
            52.009365
          ],
          [
            6.047638,
            52.00919
          ],
          [
            6.04723,
            52.00885
          ],
          [
            6.046774,
            52.0084
          ],
          [
            6.046446,
            52.008015
          ],
          [
            6.046299,
            52.007816
          ],
          [
            6.046037,
            52.007404
          ],
          [
            6.045816,
            52.006962
          ],
          [
            6.04559,
            52.006317
          ],
          [
            6.04533,
            52.005173
          ],
          [
            6.045097,
            52.004414
          ],
          [
            6.044901,
            52.003963
          ],
          [
            6.044676,
            52.003574
          ],
          [
            6.044376,
            52.003147
          ],
          [
            6.044204,
            52.002934
          ],
          [
            6.04379,
            52.002487
          ],
          [
            6.043364,
            52.002098
          ],
          [
            6.042816,
            52.001675
          ],
          [
            6.0423,
            52.001335
          ],
          [
            6.041752,
            52.001019
          ],
          [
            6.041469,
            52.000874
          ],
          [
            6.040858,
            52.000595
          ]
        ]
      },
      "id": "way/730781075"
    },
    {
      "type": "Feature",
      "properties": {
        "@id": "way/730781076"
      },
      "geometry": {
        "type": "LineString",
        "coordinates": [
          [
            6.0405963,
            52.0009245
          ],
          [
            6.04042,
            52.000847
          ],
          [
            6.040123,
            52.000725
          ],
          [
            6.039631,
            52.000534
          ],
          [
            6.03932,
            52.000423
          ],
          [
            6.039006,
            52.000309
          ],
          [
            6.038691,
            52.000195
          ],
          [
            6.038152,
            51.999989
          ],
          [
            6.037837,
            51.999866
          ],
          [
            6.037532,
            51.999741
          ],
          [
            6.037222,
            51.999607
          ],
          [
            6.036923,
            51.999474
          ],
          [
            6.03663,
            51.999332
          ],
          [
            6.036458,
            51.999249
          ],
          [
            6.03634,
            51.999191
          ],
          [
            6.036052,
            51.999043
          ],
          [
            6.035605,
            51.998798
          ],
          [
            6.035338,
            51.998646
          ],
          [
            6.035069,
            51.998489
          ],
          [
            6.034575,
            51.998196
          ],
          [
            6.034317,
            51.998039
          ],
          [
            6.034054,
            51.99789
          ],
          [
            6.033596,
            51.997639
          ],
          [
            6.033323,
            51.997498
          ],
          [
            6.033047,
            51.99736
          ],
          [
            6.032764,
            51.997234
          ],
          [
            6.032269,
            51.997036
          ],
          [
            6.031965,
            51.996925
          ],
          [
            6.031653,
            51.996822
          ],
          [
            6.031586,
            51.996803
          ],
          [
            6.031336,
            51.996727
          ],
          [
            6.031014,
            51.996639
          ],
          [
            6.030621,
            51.99654
          ],
          [
            6.030289,
            51.996468
          ],
          [
            6.029952,
            51.996399
          ],
          [
            6.029612,
            51.996342
          ],
          [
            6.029268,
            51.996288
          ],
          [
            6.028839,
            51.996235
          ],
          [
            6.02849,
            51.996201
          ],
          [
            6.028139,
            51.996174
          ],
          [
            6.027789,
            51.996155
          ],
          [
            6.02712,
            51.99614
          ],
          [
            6.026768,
            51.996143
          ],
          [
            6.026415,
            51.996155
          ],
          [
            6.026064,
            51.996174
          ],
          [
            6.026028,
            51.996174
          ],
          [
            6.025506,
            51.996216
          ],
          [
            6.025159,
            51.996254
          ],
          [
            6.024814,
            51.9963
          ],
          [
            6.024333,
            51.99638
          ],
          [
            6.023994,
            51.996441
          ],
          [
            6.023633,
            51.996517
          ],
          [
            6.023299,
            51.996597
          ],
          [
            6.022962,
            51.996681
          ],
          [
            6.022621,
            51.996761
          ],
          [
            6.022532,
            51.996784
          ],
          [
            6.022034,
            51.996902
          ],
          [
            6.021696,
            51.996986
          ],
          [
            6.021345,
            51.997066
          ],
          [
            6.020998,
            51.997139
          ],
          [
            6.020984,
            51.997143
          ],
          [
            6.020898,
            51.997158
          ],
          [
            6.020632,
            51.997204
          ],
          [
            6.02062,
            51.997204
          ],
          [
            6.02014,
            51.997272
          ],
          [
            6.019776,
            51.997314
          ],
          [
            6.019766,
            51.997318
          ],
          [
            6.019406,
            51.997349
          ],
          [
            6.019394,
            51.997353
          ],
          [
            6.019033,
            51.997375
          ],
          [
            6.019022,
            51.997375
          ],
          [
            6.018657,
            51.997391
          ],
          [
            6.01864,
            51.997391
          ],
          [
            6.017989,
            51.997391
          ],
          [
            6.017972,
            51.997391
          ],
          [
            6.017608,
            51.997379
          ],
          [
            6.017596,
            51.997379
          ],
          [
            6.017226,
            51.997356
          ],
          [
            6.016861,
            51.997326
          ],
          [
            6.01685,
            51.997326
          ],
          [
            6.016491,
            51.997284
          ],
          [
            6.016474,
            51.997284
          ],
          [
            6.015771,
            51.997177
          ],
          [
            6.015754,
            51.997173
          ],
          [
            6.015407,
            51.997108
          ],
          [
            6.015395,
            51.997105
          ],
          [
            6.015052,
            51.997028
          ],
          [
            6.015041,
            51.997028
          ],
          [
            6.014704,
            51.996941
          ],
          [
            6.014693,
            51.996941
          ],
          [
            6.014596,
            51.996914
          ],
          [
            6.014361,
            51.996845
          ],
          [
            6.014343,
            51.996841
          ],
          [
            6.013742,
            51.996639
          ],
          [
            6.013731,
            51.996635
          ],
          [
            6.013422,
            51.996517
          ],
          [
            6.013414,
            51.996513
          ],
          [
            6.013113,
            51.996387
          ],
          [
            6.01281,
            51.996254
          ],
          [
            6.012513,
            51.99612
          ],
          [
            6.012076,
            51.995907
          ],
          [
            6.012067,
            51.995899
          ],
          [
            6.01179,
            51.995754
          ],
          [
            6.011514,
            51.995602
          ],
          [
            6.011243,
            51.995449
          ],
          [
            6.011147,
            51.995392
          ],
          [
            6.010976,
            51.995293
          ],
          [
            6.01071,
            51.99514
          ],
          [
            6.010233,
            51.994869
          ],
          [
            6.009967,
            51.994713
          ],
          [
            6.009702,
            51.994556
          ],
          [
            6.009439,
            51.994396
          ],
          [
            6.009241,
            51.99427
          ],
          [
            6.009183,
            51.994232
          ],
          [
            6.008925,
            51.994057
          ],
          [
            6.008467,
            51.993717
          ],
          [
            6.008461,
            51.99371
          ],
          [
            6.008238,
            51.993534
          ],
          [
            6.008012,
            51.993347
          ],
          [
            6.007618,
            51.992996
          ],
          [
            6.007417,
            51.992805
          ],
          [
            6.007226,
            51.992611
          ],
          [
            6.006964,
            51.992329
          ],
          [
            6.006793,
            51.99213
          ],
          [
            6.006622,
            51.991924
          ],
          [
            6.006467,
            51.991718
          ],
          [
            6.006464,
            51.991714
          ],
          [
            6.006258,
            51.991421
          ],
          [
            6.006217,
            51.991364
          ],
          [
            6.006081,
            51.991146
          ],
          [
            6.005958,
            51.990936
          ],
          [
            6.005843,
            51.990719
          ],
          [
            6.00584,
            51.990711
          ],
          [
            6.005683,
            51.990334
          ],
          [
            6.005681,
            51.990326
          ],
          [
            6.005605,
            51.990108
          ],
          [
            6.005534,
            51.989883
          ],
          [
            6.005461,
            51.989666
          ],
          [
            6.005275,
            51.98914
          ],
          [
            6.005198,
            51.988918
          ],
          [
            6.005126,
            51.988697
          ],
          [
            6.005056,
            51.988476
          ],
          [
            6.004993,
            51.988251
          ],
          [
            6.004894,
            51.987843
          ],
          [
            6.004845,
            51.987617
          ],
          [
            6.004797,
            51.987396
          ],
          [
            6.004793,
            51.987377
          ],
          [
            6.004743,
            51.987122
          ],
          [
            6.004702,
            51.986897
          ],
          [
            6.004658,
            51.986679
          ],
          [
            6.004603,
            51.986462
          ],
          [
            6.004506,
            51.986172
          ],
          [
            6.004424,
            51.985954
          ],
          [
            6.00431,
            51.985672
          ],
          [
            6.004248,
            51.985519
          ],
          [
            6.004106,
            51.985165
          ],
          [
            6.004016,
            51.984947
          ],
          [
            6.003924,
            51.984734
          ],
          [
            6.003757,
            51.98436
          ],
          [
            6.003656,
            51.984142
          ],
          [
            6.003553,
            51.983929
          ],
          [
            6.003448,
            51.983715
          ],
          [
            6.003309,
            51.98344
          ],
          [
            6.003197,
            51.983227
          ],
          [
            6.003084,
            51.983017
          ],
          [
            6.002969,
            51.982803
          ],
          [
            6.002806,
            51.982506
          ],
          [
            6.000867,
            51.9798
          ],
          [
            6.000067,
            51.978767
          ],
          [
            5.99905,
            51.978
          ],
          [
            5.996619,
            51.976578
          ],
          [
            5.996316,
            51.97646
          ],
          [
            5.996008,
            51.976345
          ],
          [
            5.995697,
            51.976234
          ],
          [
            5.995384,
            51.97612
          ],
          [
            5.994942,
            51.975964
          ],
          [
            5.994627,
            51.975857
          ],
          [
            5.99431,
            51.97575
          ],
          [
            5.993991,
            51.975643
          ],
          [
            5.993746,
            51.975567
          ],
          [
            5.993671,
            51.975544
          ],
          [
            5.993349,
            51.975445
          ],
          [
            5.99302,
            51.975346
          ],
          [
            5.992694,
            51.97525
          ],
          [
            5.992367,
            51.975155
          ],
          [
            5.992039,
            51.975067
          ],
          [
            5.99171,
            51.974979
          ],
          [
            5.991379,
            51.974899
          ],
          [
            5.991161,
            51.97485
          ],
          [
            5.991045,
            51.974823
          ],
          [
            5.990548,
            51.97472
          ],
          [
            5.990206,
            51.974655
          ],
          [
            5.99014,
            51.974644
          ],
          [
            5.989863,
            51.974594
          ],
          [
            5.989588,
            51.974548
          ],
          [
            5.989532,
            51.974541
          ],
          [
            5.989518,
            51.974537
          ],
          [
            5.989377,
            51.974518
          ],
          [
            5.98917,
            51.974487
          ],
          [
            5.988822,
            51.974445
          ],
          [
            5.988475,
            51.974403
          ],
          [
            5.988251,
            51.974388
          ],
          [
            5.987786,
            51.97435
          ],
          [
            5.987433,
            51.974331
          ],
          [
            5.987074,
            51.974319
          ],
          [
            5.986714,
            51.974308
          ],
          [
            5.986351,
            51.974297
          ],
          [
            5.985988,
            51.974285
          ],
          [
            5.985606,
            51.974277
          ],
          [
            5.985247,
            51.974274
          ],
          [
            5.984885,
            51.974274
          ],
          [
            5.984522,
            51.974274
          ],
          [
            5.984156,
            51.97427
          ],
          [
            5.983788,
            51.974266
          ],
          [
            5.983418,
            51.974255
          ],
          [
            5.983415,
            51.974255
          ],
          [
            5.983042,
            51.974239
          ],
          [
            5.982677,
            51.97422
          ],
          [
            5.982509,
            51.974213
          ],
          [
            5.982312,
            51.974201
          ],
          [
            5.981941,
            51.974178
          ],
          [
            5.981579,
            51.974155
          ],
          [
            5.981214,
            51.974125
          ],
          [
            5.980841,
            51.974091
          ],
          [
            5.980474,
            51.974049
          ],
          [
            5.97993,
            51.973976
          ],
          [
            5.979577,
            51.973923
          ],
          [
            5.97922,
            51.973862
          ],
          [
            5.978866,
            51.973801
          ],
          [
            5.978513,
            51.973736
          ],
          [
            5.978489,
            51.973728
          ],
          [
            5.978163,
            51.973667
          ],
          [
            5.977815,
            51.973598
          ],
          [
            5.97719,
            51.973461
          ],
          [
            5.97718,
            51.973461
          ],
          [
            5.976842,
            51.973377
          ],
          [
            5.976501,
            51.973293
          ],
          [
            5.976166,
            51.973206
          ],
          [
            5.975832,
            51.973125
          ],
          [
            5.975498,
            51.973045
          ],
          [
            5.975165,
            51.972973
          ],
          [
            5.974828,
            51.972908
          ],
          [
            5.974224,
            51.972805
          ],
          [
            5.973876,
            51.972752
          ],
          [
            5.973526,
            51.972706
          ],
          [
            5.973175,
            51.97266
          ],
          [
            5.973123,
            51.972652
          ],
          [
            5.972822,
            51.972618
          ],
          [
            5.972471,
            51.97258
          ],
          [
            5.972027,
            51.972542
          ],
          [
            5.971673,
            51.972519
          ],
          [
            5.971315,
            51.9725
          ],
          [
            5.970952,
            51.972481
          ],
          [
            5.970589,
            51.972462
          ],
          [
            5.970221,
            51.972439
          ],
          [
            5.969852,
            51.972404
          ],
          [
            5.969347,
            51.972355
          ],
          [
            5.968986,
            51.972313
          ],
          [
            5.968624,
            51.972271
          ],
          [
            5.96862,
            51.972271
          ],
          [
            5.968264,
            51.972225
          ],
          [
            5.967901,
            51.972176
          ],
          [
            5.967547,
            51.972122
          ],
          [
            5.96719,
            51.972065
          ],
          [
            5.966835,
            51.972004
          ],
          [
            5.966481,
            51.971943
          ],
          [
            5.966434,
            51.971931
          ],
          [
            5.966108,
            51.97187
          ],
          [
            5.965762,
            51.971802
          ],
          [
            5.965758,
            51.971802
          ],
          [
            5.965414,
            51.971725
          ],
          [
            5.965063,
            51.971649
          ],
          [
            5.964723,
            51.971569
          ],
          [
            5.964379,
            51.971485
          ],
          [
            5.964035,
            51.971394
          ],
          [
            5.963702,
            51.971302
          ],
          [
            5.963695,
            51.971302
          ],
          [
            5.963085,
            51.971119
          ],
          [
            5.962761,
            51.971016
          ],
          [
            5.962432,
            51.970909
          ],
          [
            5.962115,
            51.970798
          ],
          [
            5.961823,
            51.970692
          ],
          [
            5.961792,
            51.97068
          ],
          [
            5.96148,
            51.970566
          ],
          [
            5.961168,
            51.970444
          ],
          [
            5.960855,
            51.970318
          ],
          [
            5.960481,
            51.970165
          ],
          [
            5.96018,
            51.970032
          ],
          [
            5.959886,
            51.969898
          ],
          [
            5.959592,
            51.969765
          ]
        ]
      },
      "id": "way/730781076"
    },
    {
      "type": "Feature",
      "properties": {
        "@id": "way/730781077"
      },
      "geometry": {
        "type": "LineString",
        "coordinates": [
          [
            5.959945,
            51.969479
          ],
          [
            5.959754,
            51.969383
          ],
          [
            5.959673,
            51.969345
          ],
          [
            5.959661,
            51.969341
          ],
          [
            5.959608,
            51.969315
          ],
          [
            5.9596,
            51.969311
          ],
          [
            5.959394,
            51.969208
          ],
          [
            5.959381,
            51.9692
          ],
          [
            5.959144,
            51.969082
          ],
          [
            5.959104,
            51.969059
          ],
          [
            5.958829,
            51.968914
          ],
          [
            5.958558,
            51.968769
          ],
          [
            5.95815,
            51.968544
          ],
          [
            5.957889,
            51.968391
          ],
          [
            5.957631,
            51.968235
          ],
          [
            5.957376,
            51.968079
          ],
          [
            5.957315,
            51.96804
          ],
          [
            5.957123,
            51.967918
          ],
          [
            5.956874,
            51.967758
          ],
          [
            5.956626,
            51.967598
          ],
          [
            5.956381,
            51.967434
          ],
          [
            5.956138,
            51.967266
          ],
          [
            5.955798,
            51.967033
          ],
          [
            5.95556,
            51.966866
          ],
          [
            5.955325,
            51.966694
          ],
          [
            5.955093,
            51.966526
          ],
          [
            5.954864,
            51.966354
          ],
          [
            5.954639,
            51.966179
          ],
          [
            5.954417,
            51.966003
          ],
          [
            5.9542,
            51.965828
          ],
          [
            5.953987,
            51.965649
          ],
          [
            5.953627,
            51.965336
          ],
          [
            5.953547,
            51.965263
          ],
          [
            5.953422,
            51.965153
          ],
          [
            5.953221,
            51.964966
          ],
          [
            5.953024,
            51.964783
          ],
          [
            5.952833,
            51.964596
          ],
          [
            5.952645,
            51.964405
          ],
          [
            5.952464,
            51.964214
          ],
          [
            5.952288,
            51.96402
          ],
          [
            5.952118,
            51.963825
          ],
          [
            5.95209,
            51.963791
          ],
          [
            5.95195,
            51.963623
          ],
          [
            5.951791,
            51.963425
          ],
          [
            5.951638,
            51.963226
          ],
          [
            5.95149,
            51.963024
          ],
          [
            5.951347,
            51.962818
          ],
          [
            5.95121,
            51.962616
          ],
          [
            5.951078,
            51.96241
          ],
          [
            5.950952,
            51.9622
          ],
          [
            5.950819,
            51.961971
          ],
          [
            5.950705,
            51.961761
          ],
          [
            5.950595,
            51.961552
          ],
          [
            5.950492,
            51.961338
          ],
          [
            5.950394,
            51.961124
          ],
          [
            5.950301,
            51.960911
          ],
          [
            5.950214,
            51.960697
          ],
          [
            5.950132,
            51.96048
          ],
          [
            5.950041,
            51.960224
          ],
          [
            5.949991,
            51.960072
          ],
          [
            5.94997,
            51.960007
          ],
          [
            5.949904,
            51.959785
          ],
          [
            5.949843,
            51.959568
          ],
          [
            5.949789,
            51.959347
          ],
          [
            5.94974,
            51.959129
          ],
          [
            5.949697,
            51.958908
          ],
          [
            5.94966,
            51.958691
          ],
          [
            5.94963,
            51.958469
          ],
          [
            5.949607,
            51.958248
          ],
          [
            5.94959,
            51.958027
          ],
          [
            5.94958,
            51.957775
          ],
          [
            5.949576,
            51.957554
          ],
          [
            5.949579,
            51.957333
          ],
          [
            5.949588,
            51.957111
          ],
          [
            5.949604,
            51.95689
          ],
          [
            5.949626,
            51.956669
          ],
          [
            5.949641,
            51.956554
          ],
          [
            5.949654,
            51.956448
          ],
          [
            5.94969,
            51.95623
          ],
          [
            5.949732,
            51.956009
          ],
          [
            5.949781,
            51.955791
          ],
          [
            5.949838,
            51.95557
          ],
          [
            5.949902,
            51.955357
          ],
          [
            5.949998,
            51.955063
          ],
          [
            5.950076,
            51.954845
          ],
          [
            5.950159,
            51.954628
          ],
          [
            5.95025,
            51.954414
          ],
          [
            5.950347,
            51.954205
          ],
          [
            5.950452,
            51.953991
          ],
          [
            5.950565,
            51.953785
          ],
          [
            5.950686,
            51.953575
          ],
          [
            5.950755,
            51.953468
          ],
          [
            5.950816,
            51.953373
          ],
          [
            5.950954,
            51.953175
          ],
          [
            5.951242,
            51.952808
          ],
          [
            5.951411,
            51.952618
          ],
          [
            5.95159,
            51.952427
          ],
          [
            5.951777,
            51.95224
          ],
          [
            5.95197,
            51.952049
          ],
          [
            5.952168,
            51.951862
          ],
          [
            5.952551,
            51.951502
          ]
        ]
      },
      "id": "way/730781077"
    },
    {
      "type": "Feature",
      "properties": {
        "@id": "way/730781080"
      },
      "geometry": {
        "type": "LineString",
        "coordinates": [
          [
            5.952551,
            51.951502
          ],
          [
            5.952024,
            51.951351
          ]
        ]
      },
      "id": "way/730781080"
    },
    {
      "type": "Feature",
      "properties": {
        "@id": "way/731899797"
      },
      "geometry": {
        "type": "LineString",
        "coordinates": [
          [
            5.8402002,
            52.5827112
          ],
          [
            5.8440513,
            52.5821182
          ]
        ]
      },
      "id": "way/731899797"
    },
    {
      "type": "Feature",
      "properties": {
        "@id": "way/731899799"
      },
      "geometry": {
        "type": "LineString",
        "coordinates": [
          [
            6.0705539,
            52.481828
          ],
          [
            6.0705011,
            52.4819912
          ],
          [
            6.0692655,
            52.482638
          ],
          [
            6.067877,
            52.4834778
          ],
          [
            6.0664169,
            52.4844887
          ],
          [
            6.0650511,
            52.4855548
          ],
          [
            6.0635872,
            52.4870023
          ],
          [
            6.0625383,
            52.4881005
          ],
          [
            6.0616253,
            52.4893135
          ],
          [
            6.0610065,
            52.4903519
          ],
          [
            6.0602538,
            52.4919956
          ],
          [
            6.0598605,
            52.4923126
          ],
          [
            6.0598001,
            52.4923913
          ],
          [
            6.0595558,
            52.4929294
          ],
          [
            6.058964,
            52.4939599
          ],
          [
            6.0584673,
            52.4947326
          ],
          [
            6.0577977,
            52.4957063
          ],
          [
            6.0577977,
            52.4964554
          ],
          [
            6.0569972,
            52.4972944
          ],
          [
            6.056031,
            52.4985261
          ],
          [
            6.053017,
            52.500117
          ],
          [
            6.051128,
            52.501106
          ],
          [
            6.049333,
            52.5018
          ],
          [
            6.0462355,
            52.5032287
          ],
          [
            6.042647,
            52.504869
          ],
          [
            6.0377,
            52.506883
          ],
          [
            6.03565,
            52.507467
          ],
          [
            6.032819,
            52.508114
          ],
          [
            6.0283104,
            52.5091629
          ],
          [
            6.0256844,
            52.5100722
          ],
          [
            6.0226736,
            52.5112892
          ],
          [
            6.0203797,
            52.5123638
          ],
          [
            6.0185611,
            52.5133879
          ],
          [
            6.0176028,
            52.5140446
          ],
          [
            6.0164936,
            52.5149538
          ],
          [
            6.0156862,
            52.5158034
          ],
          [
            6.014841,
            52.5168457
          ],
          [
            6.0142751,
            52.5178513
          ],
          [
            6.014011,
            52.5189763
          ],
          [
            6.0140034,
            52.5201471
          ],
          [
            6.0141393,
            52.5211114
          ],
          [
            6.0145015,
            52.5222592
          ],
          [
            6.0150146,
            52.5232188
          ],
          [
            6.0157842,
            52.5241783
          ],
          [
            6.0168331,
            52.5251516
          ],
          [
            6.0181989,
            52.5261157
          ],
          [
            6.0192101,
            52.5268824
          ],
          [
            6.0196477,
            52.5272864
          ],
          [
            6.0197986,
            52.5276399
          ],
          [
            6.019681,
            52.528708
          ],
          [
            6.019364,
            52.529736
          ],
          [
            6.0181,
            52.530833
          ],
          [
            6.016294,
            52.531597
          ],
          [
            6.0147731,
            52.531854
          ],
          [
            6.012122,
            52.531872
          ],
          [
            6.010133,
            52.531867
          ],
          [
            6.0053483,
            52.5316015
          ],
          [
            6.0036883,
            52.5313708
          ],
          [
            6.0024941,
            52.5311424
          ],
          [
            6.0001945,
            52.5305227
          ],
          [
            5.998653,
            52.529781
          ],
          [
            5.996678,
            52.529036
          ],
          [
            5.993928,
            52.527431
          ],
          [
            5.9926,
            52.526439
          ],
          [
            5.9905,
            52.524817
          ],
          [
            5.988838,
            52.5236044
          ],
          [
            5.9871402,
            52.5228056
          ],
          [
            5.9851858,
            52.5222776
          ],
          [
            5.9831183,
            52.5218552
          ],
          [
            5.9811262,
            52.5214328
          ],
          [
            5.9798736,
            52.5210173
          ],
          [
            5.9788384,
            52.520581
          ],
          [
            5.9775,
            52.519722
          ],
          [
            5.975833,
            52.518611
          ],
          [
            5.973883,
            52.5172
          ],
          [
            5.9715882,
            52.5162534
          ],
          [
            5.9692188,
            52.5158401
          ],
          [
            5.9677625,
            52.5157896
          ],
          [
            5.9664118,
            52.5158125
          ],
          [
            5.964314,
            52.5161432
          ],
          [
            5.9627445,
            52.5166758
          ],
          [
            5.9615598,
            52.5172888
          ],
          [
            5.9608241,
            52.5177962
          ],
          [
            5.9597488,
            52.5186044
          ],
          [
            5.9587754,
            52.5195457
          ],
          [
            5.9579604,
            52.5205696
          ],
          [
            5.9575378,
            52.5213409
          ],
          [
            5.9570851,
            52.522654
          ],
          [
            5.9570398,
            52.5239028
          ],
          [
            5.9574171,
            52.5253077
          ],
          [
            5.957353,
            52.527389
          ],
          [
            5.957414,
            52.528819
          ],
          [
            5.956908,
            52.530889
          ],
          [
            5.956217,
            52.532417
          ],
          [
            5.9542,
            52.534317
          ],
          [
            5.952272,
            52.535647
          ],
          [
            5.949567,
            52.536767
          ],
          [
            5.946967,
            52.53775
          ],
          [
            5.944978,
            52.538222
          ],
          [
            5.94295,
            52.538689
          ],
          [
            5.9394731,
            52.5394181
          ],
          [
            5.9367792,
            52.5396889
          ],
          [
            5.9349305,
            52.5401616
          ],
          [
            5.9335119,
            52.5407031
          ],
          [
            5.9324856,
            52.5412171
          ],
          [
            5.9313858,
            52.5418918
          ],
          [
            5.9306369,
            52.5424562
          ],
          [
            5.9300144,
            52.5430092
          ],
          [
            5.9293692,
            52.5436907
          ],
          [
            5.9288825,
            52.5444089
          ],
          [
            5.928558,
            52.5450445
          ],
          [
            5.9279845,
            52.5464372
          ],
          [
            5.9277657,
            52.5470773
          ],
          [
            5.9269847,
            52.5500232
          ],
          [
            5.926332,
            52.5518355
          ],
          [
            5.9260641,
            52.5524022
          ],
          [
            5.9255963,
            52.5532969
          ],
          [
            5.9251548,
            52.5539736
          ],
          [
            5.9246078,
            52.5546595
          ],
          [
            5.9239098,
            52.5553981
          ],
          [
            5.9230043,
            52.5562033
          ],
          [
            5.9188333,
            52.5594226
          ],
          [
            5.9186041,
            52.5595929
          ],
          [
            5.9180731,
            52.560066
          ],
          [
            5.9174694,
            52.5605729
          ],
          [
            5.9149566,
            52.5627587
          ],
          [
            5.9134324,
            52.5638504
          ],
          [
            5.91181,
            52.5648687
          ],
          [
            5.9098104,
            52.5658503
          ],
          [
            5.9023626,
            52.5680839
          ],
          [
            5.8980615,
            52.5688728
          ],
          [
            5.8940923,
            52.5702762
          ],
          [
            5.890576,
            52.5718539
          ],
          [
            5.8874218,
            52.573459
          ],
          [
            5.885607,
            52.5743303
          ],
          [
            5.8827736,
            52.575917
          ],
          [
            5.8807588,
            52.5768937
          ],
          [
            5.8764049,
            52.5790718
          ],
          [
            5.8693722,
            52.5813736
          ],
          [
            5.8686289,
            52.5815508
          ],
          [
            5.8659728,
            52.5820662
          ],
          [
            5.8646183,
            52.5822583
          ],
          [
            5.8633621,
            52.5823872
          ]
        ]
      },
      "id": "way/731899799"
    },
    {
      "type": "Feature",
      "properties": {
        "@id": "way/731899802"
      },
      "geometry": {
        "type": "LineString",
        "coordinates": [
          [
            5.863415,
            52.5828895
          ],
          [
            5.859243,
            52.582878
          ],
          [
            5.858985,
            52.582851
          ],
          [
            5.858017,
            52.582733
          ],
          [
            5.857017,
            52.582583
          ],
          [
            5.856267,
            52.582467
          ]
        ]
      },
      "id": "way/731899802"
    },
    {
      "type": "Feature",
      "properties": {
        "@id": "way/731899803"
      },
      "geometry": {
        "type": "LineString",
        "coordinates": [
          [
            5.8633621,
            52.5823872
          ],
          [
            5.863415,
            52.5828895
          ]
        ]
      },
      "id": "way/731899803"
    },
    {
      "type": "Feature",
      "properties": {
        "@id": "way/731899804"
      },
      "geometry": {
        "type": "LineString",
        "coordinates": [
          [
            5.8564159,
            52.5821302
          ],
          [
            5.854717,
            52.581933
          ],
          [
            5.8523,
            52.58165
          ],
          [
            5.850383,
            52.581217
          ],
          [
            5.8483074,
            52.5809064
          ],
          [
            5.8463389,
            52.5809521
          ],
          [
            5.8459697,
            52.5810735
          ],
          [
            5.845189,
            52.581097
          ],
          [
            5.84481,
            52.581112
          ],
          [
            5.844132,
            52.581154
          ],
          [
            5.843742,
            52.581184
          ],
          [
            5.843368,
            52.581219
          ],
          [
            5.842996,
            52.581261
          ],
          [
            5.842626,
            52.581306
          ],
          [
            5.842259,
            52.581356
          ],
          [
            5.841894,
            52.581409
          ],
          [
            5.840833,
            52.58165
          ],
          [
            5.839322,
            52.581953
          ],
          [
            5.8366524,
            52.5822323
          ],
          [
            5.834372,
            52.582417
          ],
          [
            5.832664,
            52.582478
          ],
          [
            5.827181,
            52.582897
          ],
          [
            5.82372,
            52.582901
          ],
          [
            5.818762,
            52.583012
          ],
          [
            5.810012,
            52.583187
          ],
          [
            5.809645,
            52.583191
          ],
          [
            5.808908,
            52.583202
          ],
          [
            5.807611,
            52.583225
          ],
          [
            5.804183,
            52.583302
          ],
          [
            5.802349,
            52.583305
          ],
          [
            5.793497,
            52.583248
          ],
          [
            5.791062,
            52.583233
          ],
          [
            5.788282,
            52.583195
          ],
          [
            5.782695,
            52.583244
          ],
          [
            5.7777309,
            52.5832764
          ]
        ]
      },
      "id": "way/731899804"
    },
    {
      "type": "Feature",
      "properties": {
        "@id": "way/731899805"
      },
      "geometry": {
        "type": "LineString",
        "coordinates": [
          [
            5.856267,
            52.582467
          ],
          [
            5.8564159,
            52.5821302
          ]
        ]
      },
      "id": "way/731899805"
    },
    {
      "type": "Feature",
      "properties": {
        "@id": "way/731899806"
      },
      "geometry": {
        "type": "LineString",
        "coordinates": [
          [
            5.7777309,
            52.5832764
          ],
          [
            5.777735,
            52.5835612
          ],
          [
            5.7777372,
            52.5838461
          ]
        ]
      },
      "id": "way/731899806"
    },
    {
      "type": "Feature",
      "properties": {
        "@id": "way/731899807"
      },
      "geometry": {
        "type": "LineString",
        "coordinates": [
          [
            6.0459856,
            52.5046905
          ],
          [
            6.0474334,
            52.5039619
          ]
        ]
      },
      "id": "way/731899807"
    },
    {
      "type": "Feature",
      "properties": {
        "@id": "way/731899808"
      },
      "geometry": {
        "type": "LineString",
        "coordinates": [
          [
            5.8440513,
            52.5821182
          ],
          [
            5.8454122,
            52.5818659
          ],
          [
            5.846672,
            52.581627
          ],
          [
            5.847113,
            52.581646
          ],
          [
            5.847466,
            52.581669
          ],
          [
            5.847819,
            52.581696
          ],
          [
            5.848173,
            52.58173
          ],
          [
            5.848526,
            52.581772
          ],
          [
            5.848879,
            52.581814
          ],
          [
            5.849224,
            52.581863
          ],
          [
            5.849829,
            52.581966
          ],
          [
            5.850159,
            52.582035
          ],
          [
            5.850493,
            52.582111
          ],
          [
            5.850647,
            52.58215
          ],
          [
            5.85083,
            52.582191
          ],
          [
            5.851167,
            52.582279
          ],
          [
            5.851505,
            52.582363
          ],
          [
            5.851508,
            52.582363
          ],
          [
            5.851511,
            52.582363
          ],
          [
            5.85186,
            52.582451
          ],
          [
            5.852213,
            52.582535
          ],
          [
            5.852571,
            52.582611
          ],
          [
            5.852926,
            52.58268
          ],
          [
            5.853357,
            52.582756
          ],
          [
            5.853723,
            52.582817
          ],
          [
            5.85408,
            52.582874
          ],
          [
            5.854081,
            52.582874
          ],
          [
            5.854438,
            52.582932
          ],
          [
            5.854793,
            52.582989
          ],
          [
            5.855338,
            52.583076
          ],
          [
            5.855692,
            52.583138
          ],
          [
            5.85605,
            52.583195
          ],
          [
            5.85641,
            52.583256
          ],
          [
            5.856412,
            52.583256
          ],
          [
            5.856641,
            52.58329
          ],
          [
            5.856776,
            52.583313
          ],
          [
            5.857144,
            52.583366
          ],
          [
            5.857504,
            52.583412
          ],
          [
            5.85789,
            52.583458
          ],
          [
            5.858572,
            52.583523
          ],
          [
            5.8593092,
            52.5835801
          ],
          [
            5.860062,
            52.583622
          ],
          [
            5.860448,
            52.583637
          ],
          [
            5.860816,
            52.583645
          ],
          [
            5.861195,
            52.583649
          ],
          [
            5.8615,
            52.583649
          ],
          [
            5.861585,
            52.583649
          ],
          [
            5.861953,
            52.583645
          ],
          [
            5.862339,
            52.583633
          ],
          [
            5.862648,
            52.583622
          ],
          [
            5.862716,
            52.583618
          ],
          [
            5.863084,
            52.583599
          ],
          [
            5.863467,
            52.583576
          ],
          [
            5.86384,
            52.583546
          ],
          [
            5.864213,
            52.583515
          ],
          [
            5.864578,
            52.583481
          ],
          [
            5.865294,
            52.583401
          ],
          [
            5.865663,
            52.583351
          ],
          [
            5.8671986,
            52.5831087
          ],
          [
            5.8689383,
            52.5827381
          ],
          [
            5.8699305,
            52.5824832
          ],
          [
            5.8721264,
            52.5817909
          ],
          [
            5.8739978,
            52.5811031
          ],
          [
            5.8759219,
            52.5803603
          ],
          [
            5.8771368,
            52.5799018
          ],
          [
            5.8782913,
            52.5793011
          ],
          [
            5.8801778,
            52.5780997
          ],
          [
            5.881553,
            52.5771987
          ],
          [
            5.882302,
            52.5767619
          ],
          [
            5.8836282,
            52.5761337
          ],
          [
            5.8861956,
            52.5747545
          ],
          [
            5.8887895,
            52.5734819
          ],
          [
            5.8905675,
            52.572551
          ],
          [
            5.8942131,
            52.5708587
          ],
          [
            5.8978879,
            52.5694874
          ],
          [
            5.899714,
            52.5690654
          ],
          [
            5.9013628,
            52.5687948
          ],
          [
            5.9030945,
            52.5685197
          ],
          [
            5.9044679,
            52.5682353
          ],
          [
            5.9052678,
            52.5680106
          ],
          [
            5.909086,
            52.5667722
          ],
          [
            5.9110101,
            52.5660016
          ],
          [
            5.9127457,
            52.5650659
          ],
          [
            5.9144737,
            52.563933
          ],
          [
            5.9161111,
            52.5627174
          ],
          [
            5.9173034,
            52.5616899
          ],
          [
            5.9181938,
            52.5609468
          ],
          [
            5.9197388,
            52.5600717
          ],
          [
            5.9199708,
            52.5598905
          ],
          [
            5.9203934,
            52.5590637
          ],
          [
            5.9229099,
            52.5571988
          ],
          [
            5.9246606,
            52.5557032
          ],
          [
            5.9260037,
            52.5541663
          ],
          [
            5.9264791,
            52.5534047
          ],
          [
            5.9269319,
            52.5525696
          ],
          [
            5.9274224,
            52.5513354
          ],
          [
            5.9278147,
            52.5501562
          ],
          [
            5.9283279,
            52.5484493
          ],
          [
            5.929639,
            52.546444
          ],
          [
            5.930067,
            52.54485
          ],
          [
            5.930833,
            52.543611
          ],
          [
            5.9323875,
            52.5424379
          ],
          [
            5.9342136,
            52.5412906
          ],
          [
            5.9360246,
            52.5404461
          ],
          [
            5.9381073,
            52.5401019
          ],
          [
            5.9404239,
            52.5399321
          ],
          [
            5.9420236,
            52.5397944
          ],
          [
            5.9431856,
            52.5396017
          ],
          [
            5.9451325,
            52.5390877
          ],
          [
            5.9470038,
            52.5385369
          ],
          [
            5.9482715,
            52.538133
          ],
          [
            5.9510031,
            52.5370223
          ],
          [
            5.9529349,
            52.536187
          ],
          [
            5.9539007,
            52.5357004
          ],
          [
            5.9547761,
            52.5351543
          ],
          [
            5.9555835,
            52.5345897
          ],
          [
            5.9562324,
            52.5340159
          ],
          [
            5.9567682,
            52.5333963
          ],
          [
            5.9572586,
            52.5327674
          ],
          [
            5.9576586,
            52.5320559
          ],
          [
            5.9579453,
            52.531372
          ],
          [
            5.9581717,
            52.5306008
          ],
          [
            5.9586244,
            52.5294256
          ],
          [
            5.9587603,
            52.5286636
          ],
          [
            5.9587678,
            52.5278419
          ],
          [
            5.958556,
            52.525711
          ],
          [
            5.958344,
            52.524181
          ],
          [
            5.958328,
            52.522803
          ],
          [
            5.959081,
            52.520869
          ],
          [
            5.960206,
            52.519511
          ],
          [
            5.961825,
            52.518178
          ],
          [
            5.963539,
            52.517108
          ],
          [
            5.965581,
            52.516581
          ],
          [
            5.967806,
            52.516378
          ],
          [
            5.969578,
            52.516567
          ],
          [
            5.971161,
            52.517103
          ],
          [
            5.9746896,
            52.5187329
          ],
          [
            5.9756932,
            52.5196053
          ],
          [
            5.9765081,
            52.5204731
          ],
          [
            5.9778362,
            52.5212215
          ],
          [
            5.978885,
            52.5216026
          ],
          [
            5.9803188,
            52.522025
          ],
          [
            5.9823528,
            52.5225528
          ],
          [
            5.9844,
            52.5229
          ],
          [
            5.9860278,
            52.5232083
          ],
          [
            5.987042,
            52.523792
          ],
          [
            5.9899624,
            52.5254133
          ],
          [
            5.9924298,
            52.5274241
          ],
          [
            5.9937277,
            52.5282963
          ],
          [
            5.9950181,
            52.5290216
          ],
          [
            5.9966706,
            52.5298388
          ],
          [
            5.9979836,
            52.5303713
          ],
          [
            5.9998097,
            52.5310093
          ],
          [
            6.0017112,
            52.5315326
          ],
          [
            6.0038543,
            52.5319549
          ],
          [
            6.0061935,
            52.5322625
          ],
          [
            6.0084346,
            52.5324828
          ],
          [
            6.010389,
            52.5325563
          ],
          [
            6.0124188,
            52.5325149
          ],
          [
            6.0140487,
            52.5324553
          ],
          [
            6.0155503,
            52.5322808
          ],
          [
            6.0168859,
            52.5319871
          ],
          [
            6.0179273,
            52.5316061
          ],
          [
            6.0188026,
            52.53117
          ],
          [
            6.0194742,
            52.5307018
          ],
          [
            6.0202137,
            52.530004
          ],
          [
            6.0205966,
            52.5293923
          ],
          [
            6.0207626,
            52.5289712
          ],
          [
            6.0208173,
            52.5286108
          ],
          [
            6.0208249,
            52.5282321
          ],
          [
            6.0207645,
            52.5277822
          ],
          [
            6.0206551,
            52.5274046
          ],
          [
            6.0205344,
            52.527128
          ],
          [
            6.0203118,
            52.526864
          ],
          [
            6.019976,
            52.5265874
          ],
          [
            6.019244,
            52.5259435
          ],
          [
            6.01805,
            52.5249333
          ],
          [
            6.016308,
            52.523242
          ],
          [
            6.0156333,
            52.5221651
          ],
          [
            6.015158,
            52.520975
          ],
          [
            6.0150297,
            52.5200966
          ],
          [
            6.015133,
            52.518917
          ],
          [
            6.015883,
            52.516983
          ],
          [
            6.017367,
            52.51535
          ],
          [
            6.0189384,
            52.5139344
          ],
          [
            6.0211192,
            52.5126853
          ],
          [
            6.0230283,
            52.5117944
          ],
          [
            6.0257,
            52.510836
          ],
          [
            6.0308,
            52.509133
          ],
          [
            6.0351771,
            52.5082696
          ],
          [
            6.0370635,
            52.507808
          ],
          [
            6.0384746,
            52.5074406
          ],
          [
            6.0405648,
            52.5065909
          ],
          [
            6.0431455,
            52.5055299
          ],
          [
            6.0444283,
            52.5049673
          ],
          [
            6.044732,
            52.5048823
          ],
          [
            6.0459856,
            52.5046905
          ]
        ]
      },
      "id": "way/731899808"
    },
    {
      "type": "Feature",
      "properties": {
        "@id": "way/731899809"
      },
      "geometry": {
        "type": "LineString",
        "coordinates": [
          [
            6.0715113,
            52.481411
          ],
          [
            6.0705539,
            52.481828
          ]
        ]
      },
      "id": "way/731899809"
    },
    {
      "type": "Feature",
      "properties": {
        "@id": "way/731899812"
      },
      "geometry": {
        "type": "LineString",
        "coordinates": [
          [
            6.191587,
            52.168385
          ],
          [
            6.191749,
            52.168583
          ],
          [
            6.191915,
            52.168777
          ],
          [
            6.192091,
            52.168995
          ],
          [
            6.192241,
            52.169193
          ],
          [
            6.192384,
            52.169395
          ],
          [
            6.192519,
            52.169598
          ],
          [
            6.192762,
            52.169998
          ],
          [
            6.193006,
            52.1704826
          ],
          [
            6.1932966,
            52.1712739
          ],
          [
            6.1937154,
            52.1727294
          ],
          [
            6.193904,
            52.1737984
          ],
          [
            6.1937682,
            52.1750108
          ],
          [
            6.1932324,
            52.1762093
          ],
          [
            6.1924703,
            52.1771209
          ],
          [
            6.1914742,
            52.1779584
          ],
          [
            6.1902443,
            52.1786941
          ],
          [
            6.188886,
            52.1792679
          ],
          [
            6.1875127,
            52.1796797
          ],
          [
            6.1860412,
            52.1800082
          ],
          [
            6.1841548,
            52.1803136
          ],
          [
            6.1823966,
            52.1807023
          ],
          [
            6.1810157,
            52.1811094
          ],
          [
            6.1797404,
            52.1816832
          ],
          [
            6.1785557,
            52.1823448
          ],
          [
            6.1772654,
            52.1833442
          ],
          [
            6.1716286,
            52.1876282
          ],
          [
            6.1699426,
            52.1883896
          ],
          [
            6.16925,
            52.188667
          ],
          [
            6.168201,
            52.1890496
          ],
          [
            6.167533,
            52.189183
          ],
          [
            6.1667224,
            52.1893011
          ],
          [
            6.166333,
            52.189333
          ],
          [
            6.164044,
            52.189283
          ],
          [
            6.1619813,
            52.1892705
          ],
          [
            6.1613248,
            52.1893121
          ],
          [
            6.1606079,
            52.1894162
          ],
          [
            6.1600005,
            52.1895573
          ],
          [
            6.1592686,
            52.1897886
          ],
          [
            6.1585102,
            52.1901078
          ],
          [
            6.1579329,
            52.1904802
          ],
          [
            6.1574387,
            52.1909428
          ],
          [
            6.1569746,
            52.1914678
          ],
          [
            6.1566501,
            52.1919234
          ],
          [
            6.1562766,
            52.1926427
          ],
          [
            6.1560503,
            52.1931793
          ],
          [
            6.1558956,
            52.1937945
          ],
          [
            6.1557635,
            52.1945091
          ],
          [
            6.1557446,
            52.1952446
          ],
          [
            6.1558163,
            52.195943
          ],
          [
            6.1559408,
            52.1965952
          ],
          [
            6.1561484,
            52.1972658
          ],
          [
            6.1564426,
            52.1980452
          ],
          [
            6.1568237,
            52.1986302
          ],
          [
            6.1573029,
            52.1992546
          ],
          [
            6.1578726,
            52.1997749
          ],
          [
            6.1586008,
            52.2002721
          ],
          [
            6.1594723,
            52.2007207
          ],
          [
            6.1605249,
            52.2011046
          ],
          [
            6.161555,
            52.2013774
          ],
          [
            6.1624605,
            52.2015254
          ],
          [
            6.1635206,
            52.2016064
          ],
          [
            6.1646903,
            52.2015832
          ],
          [
            6.1668196,
            52.2014612
          ],
          [
            6.1665639,
            52.2014972
          ],
          [
            6.1684389,
            52.2013861
          ],
          [
            6.1707333,
            52.2014278
          ],
          [
            6.1727389,
            52.2017556
          ],
          [
            6.1767749,
            52.2030793
          ],
          [
            6.1783445,
            52.2035163
          ],
          [
            6.1796574,
            52.2037707
          ],
          [
            6.1815062,
            52.2040713
          ],
          [
            6.1831964,
            52.2043857
          ],
          [
            6.1848339,
            52.2048991
          ],
          [
            6.1862978,
            52.2056297
          ],
          [
            6.1877202,
            52.2065846
          ],
          [
            6.188803,
            52.2075488
          ],
          [
            6.1897613,
            52.2088712
          ],
          [
            6.1903197,
            52.2099024
          ],
          [
            6.1906744,
            52.2109381
          ],
          [
            6.1907876,
            52.2119692
          ],
          [
            6.1907197,
            52.2129355
          ],
          [
            6.1904329,
            52.2142763
          ],
          [
            6.1900707,
            52.2153258
          ],
          [
            6.1894519,
            52.2165649
          ],
          [
            6.1886445,
            52.217471
          ],
          [
            6.1876504,
            52.2182535
          ],
          [
            6.1863431,
            52.2190197
          ],
          [
            6.184766,
            52.2197547
          ],
          [
            6.1834002,
            52.2205545
          ],
          [
            6.1824758,
            52.221204
          ],
          [
            6.181842,
            52.221768
          ],
          [
            6.1812572,
            52.2223758
          ],
          [
            6.1805403,
            52.2229814
          ],
          [
            6.1797253,
            52.2235453
          ],
          [
            6.1786765,
            52.2240307
          ],
          [
            6.1773861,
            52.2244421
          ],
          [
            6.1754544,
            52.2250615
          ],
          [
            6.1743527,
            52.225459
          ],
          [
            6.1732435,
            52.2260275
          ],
          [
            6.1725115,
            52.2266515
          ],
          [
            6.1719229,
            52.2272062
          ],
          [
            6.1712136,
            52.2279364
          ],
          [
            6.1702855,
            52.2287453
          ],
          [
            6.1692366,
            52.2294386
          ],
          [
            6.1680368,
            52.2300764
          ],
          [
            6.166837,
            52.2306264
          ],
          [
            6.1646487,
            52.2315969
          ],
          [
            6.1636527,
            52.2321515
          ],
          [
            6.1625661,
            52.2329187
          ],
          [
            6.1616304,
            52.2338014
          ],
          [
            6.1608607,
            52.2348458
          ],
          [
            6.160491,
            52.2358116
          ],
          [
            6.1603778,
            52.2366342
          ],
          [
            6.1604457,
            52.2375307
          ],
          [
            6.1607324,
            52.238441
          ],
          [
            6.1614644,
            52.2397163
          ],
          [
            6.163298,
            52.2424841
          ],
          [
            6.1637508,
            52.2434128
          ],
          [
            6.1639093,
            52.2443091
          ],
          [
            6.1637734,
            52.2452424
          ],
          [
            6.1631773,
            52.2461988
          ],
          [
            6.1625057,
            52.2468872
          ],
          [
            6.1615549,
            52.247534
          ],
          [
            6.1605966,
            52.2479844
          ],
          [
            6.1596987,
            52.2483425
          ],
          [
            6.1584385,
            52.2487952
          ],
          [
            6.1561144,
            52.2494697
          ],
          [
            6.1546052,
            52.2498393
          ],
          [
            6.1535262,
            52.2502181
          ],
          [
            6.1527263,
            52.2506708
          ],
          [
            6.1519114,
            52.2512344
          ],
          [
            6.1512096,
            52.2517795
          ],
          [
            6.1491269,
            52.2533594
          ],
          [
            6.1476555,
            52.2543756
          ],
          [
            6.1462595,
            52.2551424
          ],
          [
            6.1441995,
            52.2560893
          ],
          [
            6.1419206,
            52.2569993
          ],
          [
            6.1392645,
            52.2579415
          ],
          [
            6.1365933,
            52.2588099
          ],
          [
            6.133009,
            52.2597013
          ],
          [
            6.1296285,
            52.2606158
          ],
          [
            6.1271534,
            52.2614748
          ],
          [
            6.125267,
            52.2626294
          ],
          [
            6.1244935,
            52.2632783
          ],
          [
            6.1238823,
            52.2639688
          ],
          [
            6.1234107,
            52.2647515
          ],
          [
            6.1230636,
            52.2655666
          ],
          [
            6.1230183,
            52.2673307
          ],
          [
            6.1226561,
            52.2691317
          ],
          [
            6.1220675,
            52.2705816
          ],
          [
            6.1207847,
            52.2720315
          ],
          [
            6.1190643,
            52.2733059
          ],
          [
            6.1171778,
            52.2744602
          ],
          [
            6.1143858,
            52.2759653
          ],
          [
            6.1124994,
            52.2775074
          ],
          [
            6.1114882,
            52.2790124
          ],
          [
            6.1109298,
            52.2808221
          ],
          [
            6.1108242,
            52.2824471
          ],
          [
            6.1113071,
            52.285443
          ],
          [
            6.1113788,
            52.2862404
          ],
          [
            6.111292,
            52.2870078
          ],
          [
            6.1109336,
            52.2878617
          ],
          [
            6.1101753,
            52.2889833
          ],
          [
            6.1088736,
            52.2901211
          ],
          [
            6.1076248,
            52.2909634
          ],
          [
            6.1065608,
            52.2917157
          ],
          [
            6.1058515,
            52.2923988
          ],
          [
            6.1052629,
            52.2932434
          ],
          [
            6.1048253,
            52.2941941
          ],
          [
            6.1045762,
            52.2950433
          ],
          [
            6.1045008,
            52.2960585
          ],
          [
            6.1041688,
            52.2970692
          ],
          [
            6.1036179,
            52.2979091
          ],
          [
            6.102803,
            52.2986659
          ],
          [
            6.1020182,
            52.2994088
          ],
          [
            6.1015504,
            52.3000456
          ],
          [
            6.1011278,
            52.3008532
          ],
          [
            6.1009165,
            52.3014138
          ],
          [
            6.1008184,
            52.3018176
          ],
          [
            6.1007203,
            52.3023851
          ],
          [
            6.1007052,
            52.3029757
          ],
          [
            6.1007845,
            52.3039263
          ],
          [
            6.1010297,
            52.3052551
          ],
          [
            6.1015126,
            52.306547
          ],
          [
            6.1019654,
            52.3072621
          ],
          [
            6.1022974,
            52.308058
          ],
          [
            6.1025389,
            52.3087985
          ],
          [
            6.1026671,
            52.3094582
          ],
          [
            6.1026822,
            52.3101779
          ],
          [
            6.1024257,
            52.3111236
          ],
          [
            6.1021578,
            52.3117257
          ],
          [
            6.1018258,
            52.3122447
          ],
          [
            6.1011731,
            52.3129735
          ],
          [
            6.1003581,
            52.3136609
          ],
          [
            6.09943,
            52.3142467
          ],
          [
            6.0981925,
            52.3148995
          ],
          [
            6.0967701,
            52.3156583
          ],
          [
            6.0958797,
            52.3161819
          ],
          [
            6.0949704,
            52.316853
          ],
          [
            6.0944384,
            52.3172981
          ],
          [
            6.0938951,
            52.3178274
          ],
          [
            6.0932292,
            52.3185205
          ],
          [
            6.0928387,
            52.3190682
          ],
          [
            6.0924123,
            52.319722
          ],
          [
            6.0921256,
            52.3205015
          ],
          [
            6.0919445,
            52.3215116
          ],
          [
            6.0921784,
            52.3227246
          ],
          [
            6.0932575,
            52.3247124
          ],
          [
            6.0934839,
            52.3251183
          ],
          [
            6.0936348,
            52.3255933
          ],
          [
            6.0938234,
            52.3266033
          ],
          [
            6.0938083,
            52.3275533
          ],
          [
            6.0936046,
            52.3285494
          ],
          [
            6.0934235,
            52.3295593
          ],
          [
            6.0931971,
            52.3316851
          ],
          [
            6.0934537,
            52.3336679
          ],
          [
            6.0937932,
            52.3344921
          ],
          [
            6.0940988,
            52.3350557
          ],
          [
            6.0944667,
            52.3356644
          ],
          [
            6.0951288,
            52.3364805
          ],
          [
            6.0958608,
            52.3371997
          ],
          [
            6.0964645,
            52.3377346
          ],
          [
            6.0973549,
            52.3383293
          ],
          [
            6.1012278,
            52.3404662
          ],
          [
            6.1020408,
            52.3409526
          ],
          [
            6.1028294,
            52.341522
          ],
          [
            6.1031152,
            52.3417588
          ],
          [
            6.1033501,
            52.3419933
          ],
          [
            6.1036349,
            52.3423011
          ],
          [
            6.1033278,
            52.342775
          ],
          [
            6.1037944,
            52.3437444
          ],
          [
            6.1041801,
            52.3461111
          ],
          [
            6.1038707,
            52.3467818
          ],
          [
            6.1035255,
            52.3473361
          ],
          [
            6.1031425,
            52.3478582
          ],
          [
            6.1020861,
            52.3488538
          ],
          [
            6.100509,
            52.3500615
          ],
          [
            6.0990451,
            52.3510801
          ],
          [
            6.0976492,
            52.3523476
          ],
          [
            6.096555,
            52.353569
          ],
          [
            6.095642,
            52.3548134
          ],
          [
            6.0948647,
            52.3560209
          ],
          [
            6.0939743,
            52.3575924
          ],
          [
            6.0932499,
            52.3585694
          ],
          [
            6.09202,
            52.3595233
          ],
          [
            6.0904806,
            52.3603113
          ],
          [
            6.0886847,
            52.360915
          ],
          [
            6.0867152,
            52.3612237
          ],
          [
            6.0847759,
            52.3614219
          ],
          [
            6.0824669,
            52.3615002
          ],
          [
            6.0811162,
            52.3616845
          ],
          [
            6.0802409,
            52.361938
          ],
          [
            6.0793203,
            52.3623803
          ],
          [
            6.0784299,
            52.362984
          ],
          [
            6.0776678,
            52.3638088
          ],
          [
            6.0773131,
            52.3645599
          ],
          [
            6.0770339,
            52.3654261
          ],
          [
            6.0769509,
            52.3665688
          ],
          [
            6.0771773,
            52.3677667
          ],
          [
            6.0777055,
            52.3690015
          ],
          [
            6.0781054,
            52.3697663
          ],
          [
            6.0788826,
            52.370568
          ],
          [
            6.079924,
            52.3713235
          ],
          [
            6.0809125,
            52.3718395
          ],
          [
            6.0823009,
            52.3723232
          ],
          [
            6.0834705,
            52.3726503
          ],
          [
            6.0848061,
            52.3728853
          ],
          [
            6.0861116,
            52.3730281
          ],
          [
            6.0901259,
            52.3732308
          ],
          [
            6.0919143,
            52.3734658
          ],
          [
            6.0940271,
            52.3738021
          ],
          [
            6.0976341,
            52.3745391
          ],
          [
            6.1011504,
            52.3754605
          ],
          [
            6.1040631,
            52.375981
          ],
          [
            6.1132992,
            52.3774597
          ],
          [
            6.1162119,
            52.3780217
          ],
          [
            6.1187021,
            52.3787126
          ],
          [
            6.1204829,
            52.3795325
          ],
          [
            6.1225655,
            52.380813
          ],
          [
            6.1237578,
            52.3818218
          ],
          [
            6.1247161,
            52.3828535
          ],
          [
            6.1253198,
            52.3838253
          ],
          [
            6.1255763,
            52.3843043
          ],
          [
            6.1257424,
            52.3848293
          ],
          [
            6.1258329,
            52.3855202
          ],
          [
            6.1258706,
            52.3864321
          ],
          [
            6.1257499,
            52.3873624
          ],
          [
            6.1254556,
            52.3883065
          ],
          [
            6.1249576,
            52.3895775
          ],
          [
            6.1247388,
            52.3905031
          ],
          [
            6.1246482,
            52.3915301
          ],
          [
            6.1247689,
            52.3923589
          ],
          [
            6.1251613,
            52.3934871
          ],
          [
            6.1257574,
            52.3945047
          ],
          [
            6.1267837,
            52.3957664
          ],
          [
            6.1285494,
            52.3973273
          ],
          [
            6.1292663,
            52.3980179
          ],
          [
            6.1297643,
            52.3986625
          ],
          [
            6.1301265,
            52.3993394
          ],
          [
            6.130383,
            52.4002095
          ],
          [
            6.1306472,
            52.4012684
          ],
          [
            6.1308207,
            52.402668
          ],
          [
            6.1308584,
            52.4037499
          ],
          [
            6.1309565,
            52.4043438
          ],
          [
            6.1311678,
            52.4048824
          ],
          [
            6.1322091,
            52.4072439
          ],
          [
            6.1327223,
            52.4081416
          ],
          [
            6.1333184,
            52.4091082
          ],
          [
            6.1340051,
            52.4101761
          ],
          [
            6.1345031,
            52.4110921
          ],
          [
            6.13482,
            52.4120956
          ],
          [
            6.1349181,
            52.4130437
          ],
          [
            6.1348125,
            52.4137295
          ],
          [
            6.1345785,
            52.4143969
          ],
          [
            6.1340956,
            52.4155705
          ],
          [
            6.1335221,
            52.4166107
          ],
          [
            6.1327826,
            52.4177612
          ],
          [
            6.1311678,
            52.4202418
          ],
          [
            6.1304661,
            52.4214843
          ],
          [
            6.1298322,
            52.422874
          ],
          [
            6.1292964,
            52.4240014
          ],
          [
            6.1287984,
            52.4247054
          ],
          [
            6.1280967,
            52.4255061
          ],
          [
            6.1272364,
            52.4263527
          ],
          [
            6.1262328,
            52.4272178
          ],
          [
            6.1248821,
            52.4282806
          ],
          [
            6.1217506,
            52.4305489
          ],
          [
            6.1206564,
            52.4314553
          ],
          [
            6.1197057,
            52.4323202
          ],
          [
            6.1167703,
            52.4349655
          ],
          [
            6.1158573,
            52.4358534
          ],
          [
            6.1137067,
            52.4379005
          ],
          [
            6.1121523,
            52.4389953
          ],
          [
            6.1103262,
            52.4399889
          ],
          [
            6.1082435,
            52.4408169
          ],
          [
            6.1060552,
            52.441608
          ],
          [
            6.1048479,
            52.4421692
          ],
          [
            6.1041914,
            52.4426108
          ],
          [
            6.1036858,
            52.4430523
          ],
          [
            6.1027351,
            52.444009
          ],
          [
            6.1018899,
            52.4452049
          ],
          [
            6.1015277,
            52.4463639
          ],
          [
            6.101407,
            52.4474861
          ],
          [
            6.1017239,
            52.4486726
          ],
          [
            6.1023125,
            52.4499328
          ],
          [
            6.1027501,
            52.4508985
          ],
          [
            6.1025,
            52.4527778
          ],
          [
            6.1025,
            52.4536111
          ],
          [
            6.103218,
            52.4555522
          ],
          [
            6.1029463,
            52.4572903
          ],
          [
            6.1026747,
            52.4583846
          ],
          [
            6.1020861,
            52.4595985
          ],
          [
            6.1016635,
            52.4607479
          ],
          [
            6.1014975,
            52.4618606
          ],
          [
            6.1013768,
            52.4634099
          ],
          [
            6.1014221,
            52.4649776
          ],
          [
            6.1014523,
            52.465989
          ],
          [
            6.101056,
            52.467278
          ],
          [
            6.099944,
            52.468972
          ],
          [
            6.0983509,
            52.4708847
          ],
          [
            6.0970757,
            52.4719557
          ],
          [
            6.0957325,
            52.472944
          ],
          [
            6.0940649,
            52.4740839
          ],
          [
            6.0923444,
            52.4751135
          ],
          [
            6.0910956,
            52.4758006
          ],
          [
            6.0901335,
            52.4762717
          ],
          [
            6.0886696,
            52.4768922
          ],
          [
            6.0871982,
            52.4773701
          ],
          [
            6.0856,
            52.4778167
          ],
          [
            6.081711,
            52.478689
          ],
          [
            6.079247,
            52.479169
          ],
          [
            6.0764981,
            52.4797508
          ],
          [
            6.07474,
            52.4802839
          ],
          [
            6.0729893,
            52.4809503
          ],
          [
            6.0717367,
            52.4814466
          ],
          [
            6.0715113,
            52.481411
          ]
        ]
      },
      "id": "way/731899812"
    },
    {
      "type": "Feature",
      "properties": {
        "@id": "way/786906804",
        "CEMT": "Va",
        "name": "IJssel",
        "name:de": "IJssel",
        "name:en": "IJssel",
        "name:es": "Río IJssel",
        "name:fy": "Isel",
        "name:nl": "IJssel",
        "operator": "Rijkswaterstaat",
        "waterway": "river"
      },
      "geometry": {
        "type": "LineString",
        "coordinates": [
          [
            5.8658551,
            52.582969
          ],
          [
            5.8640523,
            52.5831985
          ],
          [
            5.8621172,
            52.5833301
          ],
          [
            5.859071,
            52.5832623
          ],
          [
            5.8576107,
            52.583115
          ],
          [
            5.8542728,
            52.5826022
          ]
        ]
      },
      "id": "way/786906804"
    },
    {
      "type": "Feature",
      "properties": {
        "@id": "way/847550594",
        "motorboat": "yes",
        "name": "Oude IJssel",
        "waterway": "river"
      },
      "geometry": {
        "type": "LineString",
        "coordinates": [
          [
            6.1357486,
            52.0068257
          ],
          [
            6.1334882,
            52.0075094
          ],
          [
            6.1328235,
            52.0076349
          ],
          [
            6.1316644,
            52.0078537
          ]
        ]
      },
      "id": "way/847550594"
    },
    {
      "type": "Feature",
      "properties": {
        "@id": "way/847732833",
        "boat": "no",
        "name": "Oude IJssel",
        "name:de": "Alte Issel",
        "name:nl": "Oude IJssel",
        "waterway": "river",
        "wikidata": "Q181067"
      },
      "geometry": {
        "type": "LineString",
        "coordinates": [
          [
            6.3881372,
            51.8871272
          ],
          [
            6.3880899,
            51.8873282
          ],
          [
            6.3880393,
            51.8874778
          ]
        ]
      },
      "id": "way/847732833"
    },
    {
      "type": "Feature",
      "properties": {
        "@id": "way/933912099",
        "alt_name": "Westfälische Issel",
        "name": "Issel",
        "name:nl": "Oude IJssel",
        "source": "survey, bing & extrapolation",
        "waterway": "stream",
        "wikidata": "Q181067",
        "wikipedia": "de:Issel (Fluss)"
      },
      "geometry": {
        "type": "LineString",
        "coordinates": [
          [
            6.8253389,
            51.7972869
          ],
          [
            6.8253103,
            51.7980443
          ]
        ]
      },
      "id": "way/933912099"
    },
    {
      "type": "Feature",
      "properties": {
        "@id": "way/933912100",
        "alt_name": "Westfälische Issel",
        "layer": "-1",
        "name": "Issel",
        "name:nl": "Oude IJssel",
        "source": "survey, bing & extrapolation",
        "tunnel": "culvert",
        "waterway": "stream",
        "wikidata": "Q181067",
        "wikipedia": "de:Issel (Fluss)"
      },
      "geometry": {
        "type": "LineString",
        "coordinates": [
          [
            6.8253103,
            51.7980443
          ],
          [
            6.8253128,
            51.798105
          ]
        ]
      },
      "id": "way/933912100"
    },
    {
      "type": "Feature",
      "properties": {
        "@id": "way/933912101",
        "alt_name": "Westfälische Issel",
        "name": "Issel",
        "name:nl": "Oude IJssel",
        "source": "survey, bing & extrapolation",
        "waterway": "stream",
        "wikidata": "Q181067",
        "wikipedia": "de:Issel (Fluss)"
      },
      "geometry": {
        "type": "LineString",
        "coordinates": [
          [
            6.8252815,
            51.7990985
          ],
          [
            6.8252607,
            51.7997332
          ]
        ]
      },
      "id": "way/933912101"
    },
    {
      "type": "Feature",
      "properties": {
        "@id": "way/933912102",
        "alt_name": "Westfälische Issel",
        "layer": "-1",
        "name": "Issel",
        "name:nl": "Oude IJssel",
        "source": "survey, bing & extrapolation",
        "tunnel": "culvert",
        "waterway": "stream",
        "wikidata": "Q181067",
        "wikipedia": "de:Issel (Fluss)"
      },
      "geometry": {
        "type": "LineString",
        "coordinates": [
          [
            6.8252849,
            51.7989943
          ],
          [
            6.8252815,
            51.7990985
          ]
        ]
      },
      "id": "way/933912102"
    },
    {
      "type": "Feature",
      "properties": {
        "@id": "way/933912103",
        "alt_name": "Westfälische Issel",
        "name": "Issel",
        "name:nl": "Oude IJssel",
        "source": "survey, bing & extrapolation",
        "waterway": "river",
        "wikidata": "Q181067",
        "wikipedia": "de:Issel (Fluss)"
      },
      "geometry": {
        "type": "LineString",
        "coordinates": [
          [
            6.8252607,
            51.7997332
          ],
          [
            6.8252129,
            51.7997484
          ]
        ]
      },
      "id": "way/933912103"
    },
    {
      "type": "Feature",
      "properties": {
        "@id": "way/933912104",
        "alt_name": "Westfälische Issel",
        "layer": "-1",
        "name": "Issel",
        "name:nl": "Oude IJssel",
        "source": "survey, bing & extrapolation",
        "tunnel": "culvert",
        "waterway": "river",
        "wikidata": "Q181067",
        "wikipedia": "de:Issel (Fluss)"
      },
      "geometry": {
        "type": "LineString",
        "coordinates": [
          [
            6.8252129,
            51.7997484
          ],
          [
            6.8250858,
            51.7997566
          ]
        ]
      },
      "id": "way/933912104"
    }
  ]
}